Name,Former names,Established,President,Academic staff,Administrative staff,Students,Address,Campus,Colours,Affiliations,Website,ASN,Motto,Motto in English,Religious affiliation,Academic affiliations,Endowment,Chancellor,Colors,Type,Chairperson,Location,Nickname,Mascot,"Chair, Board of Governors",Former name,Campuses,Affiliation,Sporting affiliations,Director
Alberta University of the Arts,Alberta College of Art Alberta College of Art and Design,1926 ( 1926 ) note 1 1,Daniel Doz 2,145,95,"1,323 3 as of fall 2012","1407 14 Avenue NW Calgary , Alberta T2N 4R3  51.06205°N 114.09143°W51.06205; -114.09143",Urban,Red White,"AICAD , ACCC , CCAA , Alberta Colleges Athletics Conference , Alberta Association of Colleges & Technical Institutes , CBIE, NASAD",auarts .ca,54307.0,,,,,,,,,,,,,,,,,,
Acadia University,Queen's College (1838–1841) Acadia College (1841–1891),1838 ; 186 years ago ( 1838 ),Jeffrey J. Hennessy,,"211 full-time, 37 part-time (as of 2008)","4,542 1",,250 acres (101 ha),Red and blue,,www2 .acadiau .ca /home .html,,In pulvere vinces,"""By effort ( lit. ' in dust ' ), you will conquer""",Currently non-denominational; initially founded by Baptists,"AUCC , IAU , CUSID , CBIE, CUP , Maple League of Universities",$109.4 million (2021),Bruce Galloway,,,,,,,,,,,,
Algoma University,,1965,Asima Vezina 2,,,,,,"Red, Grey, Gold, Light Green",,algomau .ca,,,,,"COU , Universities Canada",,Mario Turco 1,,,,,,,,,,,,
Athabasca University,,1970,Alex Clark 2,,,"40,630 3",,"Online , rural and urban",Blue and orange,ACU CVU MSCHE UArctic Universities Canada,www .athabascau .ca,,Learning for Life 1,,,,,,,,,,,,,,,,,
Bishop's University,,1843 ; 181 years ago ( 1843 ) 1,,115,,"2,867 1",,"Rural, 220 ha (550 acres) 1 , 550",Purple and silver,,www .ubishops .ca,,Recti cultus pectora roborant ( Latin ),Righteous ways makes strong the heart,,"AUCC , IAU , QSSF , CBIE, CUP , Maple League of Universities",C$ 32.5 million 2,Daniel Fournier,,,,,,,,,,,,
Brandon University,,1890,David Docherty,,,"2,980",,Urban,Blue & gold,,www .brandonu .ca,,"Aletheuontes de en Agape ""Speaking the truth in love""",,,"AUCC , IAU , ACU , CUSID , Campus Manitoba , CUP .",C$ 34 million 1,Mary Jane McCallum,,,,,,,,,,,,
Brock University,,1964,Lesley Rigg,594 3,921 3,"19,112 4",,Suburban,"Red, grey, and black",,brocku .ca,,Surgite!,Push on!,,"CARL , COU , Universities Canada",$123 million 1,Hilary Pearson,,,,,,,,,,,,
Cape Breton University,Xavier Junior College (1951) Nova Scotia Eastern Institute of Technology (1968) College of Cape Breton (1974) University College of Cape Breton (1982) 1,1951 (as Xavier Junior College) 1968 (as NSEIT) 1974 (as College Of Cape Breton) 1982 (as University College of Cape Breton) 2005 (as Cape Breton University),David Dingwall,227 4 (as of March 2019 update ),225 5 (as of March 2019 update ),"9,138 (2022) 6","P.O. Box 5300 , Sydney , Nova Scotia , B1P 6L2 , Canada",Urban,"Orange, green, black, gold",,www .cbu .ca,,"Scottish Gaelic : Theid Díchioll Air Thoiseach , ""Diligence Will Prevail"" 2",Perseverance Will Triumph,,,$27.8M 3,Annette Verschuren,,,,,,,,,,,,
Capilano University,,1968 ; 56 years ago ( 1968 ) 1,Paul Dangerfield 3,,,"6,364 (2021) 5",,,Blue & white,,capilanou .ca,,,"""Through learning to a greater good""",,"AUCC , ACCC , NWCCU , CBIE, CUP",,Yuri Fulmer 2,,,,,,,,,,,,
Carleton University,,1942 ; 82 years ago ( 1942 ),"Jerry Tomberlin, Interim President (current-Jan. 1, 2025), Wisdom Tettey, President-Designate (term commences Jan. 1, 2025)",,"5,328","30,678","1125 Colonel By Drive Ottawa, Ontario , Canada  45.3831°N 75.6976°W45.3831; -75.6976","Urban, 62 ha (150 acres)",Black and red 3,,carleton .ca,,"""Ours the Task Eternal""",,,"AACSB , ASAIHL , APSIA , CARL , COU , Fields Institute , Universities Canada",C$361.4 million 1,Yaprak Baltacioğlu,,,,,,,,,,,,
Concordia University (Montreal),Sir George Williams University Loyola College,"August 24, 1974 ( 1974-08-24 ) by the merger of Loyola College (1896) and Sir George Williams University (1926). 3",Graham Carr 6,"4,439 (as of 2020–21) 7","2,283 (as of 2020–21) 7","49,898 (as of 2022–23) 7",,"Sir George Williams Campus : Urban Loyola Campus : Suburban, 40 acres (16 ha)",Maroon Gold Black White,,concordia .ca,,,,,"CARL , CUSID , IAU , Universities Canada",C$ 344.004 million (2022) 4,,,,,,,,,,,,,
Dalhousie University,Dalhousie College (1818–1863) The Governors of Dalhousie College and University (1863–1996),1818 ; 206 years ago ( 1818 ),Kim Brooks 3,867 full-time 274 clinical dentistry & medicine 826 part-time,,"20,970 4",,"Studley campus, 79 acres (32 ha) Agricultural Campus, 151 acres (61 ha)","Beak gold, cloud white, wingtip black 5",,www .dal .ca,,Ora et Labora ( Latin ) On seal: Doctrina vim promovet insitam ( Latin ),Pray and work On seal: Teaching promotes innate ability,,ACU CARL CUSID Universities Canada U15,$ 681.5 million 1,Rustum Southwell 2,,,,,,,,,,,,
Emily Carr University of Art and Design,,"October 1, 1925 (99 years ago)",Trish Kelly (Interim),120,190,"2,185 (2023) 2",,Urban,Black & white,,www .ecuad .ca,,"""Eye, Mind, and Hand""",,,"AICAD , Universities Canada",$6.18 million (2022) 1,Carleen Thomas,,,,,,,,,,,,
Kwantlen Polytechnic University,,1981 ; 43 years ago ( 1981 ),Alan Davis 3,"1,400",,"14,259 5",,"Urban , 92.988 acres (0.376 km 2 ) net",Rich Burgundy White,"AUCC , IAU , CICan , ACU , CBIE, CUP",www .kpu .ca,,"Through Tireless Effort, Knowledge, and Understanding",,,,$13 million 1,Kim Baird 2,,,,,,,,,,,,
Lakehead University,,Lakehead University 1965; Lakehead Technical Institute 1946,Dr. Gillian Siddall,319 (full time) 1,"2,250","6,729 (2017) 2",,Rural/suburban,Cobalt & blaze 3,,www .lakeheadu .ca,,Ad augusta per angusta,Achievement through effort,,"COU , CUSID , UArctic , Universities Canada",$31.14 million,Rita Deverell,,,,,,,,,,,,
MacEwan University,"Grant MacEwan University, Grant MacEwan College, Grant MacEwan Community College",1971 ( 1971 ),Annette Trimbee,972,,"18,366 1","10700 104 Avenue NW Edmonton , Alberta T5J 4S2  53.54694°N 113.50472°W53.54694; -113.50472",Urban,Maroon & White,,www .macewan .ca,,Latin : Discendo Floremus,Through learning we flourish,,"AUCC , ACCC , AACTI , CBIE, CUP , CIS",,,,,,,,,,,,,,
Mount Royal University,,1910,Tim Rahilly,740 2,,"15,573",,Lincoln Park ( Urban ) Springbank ( Urban ),"Blue , Lincoln Blue, Focus Blue, White , Silver 4","AUCC , U Sports , AACTI , CBIE, CONAHEC",www .mtroyal .ca,,Quam Bene Non Quantum,"How well, not how much",,,C$ 99 million 1,,,,,,,,,,,,,
University of Alberta,,1908 ; 116 years ago ( 1908 ),Bill Flanagan,"4,004 5","5,021 5","43,490",,Urban,Green & Gold 7,,ualberta.ca,,Quaecumque vera ( Latin ),Whatsoever things are true,,,CA$ 1.7 billion 2,Peggy Garritty 3,,,,,,,,,,,,
University of Calgary,,26 April 1966 (58 years ago) ( 1966-04-26 ),Ed McCauley,"1,848 4","3,116 4","36,330 5",,"Urban, 4.13 km 2 (1.59 sq mi)","Red, gold, and black 6",,www .ucalgary .ca,,Mo Shùile Togam Suas ( Gaelic ),I will lift up my eyes,,"CARL , CUSID , IAU , Universities Canada , U15",CA$1.176 billion (2023) 1,Jon Cornish 2,,,,,,,,,,,,
University of Lethbridge,,1967 ; 57 years ago ( 1967 ),Digvir Jayas 2,491,,"8,263","4401 University Drive Lethbridge , Alberta T1K 3M4  49.6782°N 112.8640°W49.6782; -112.8640","Urban 185 ha (1,850,000 m 2 )",Blue and Gold,,www .ulethbridge .ca,,Latin : Fiat Lux,Let there be light,,Universities Canada,$95 million (2023) 1,Terry Whitehead,,,,,,,,,,,,
Royal Roads University,,1995,Philip Steenkamp,"52 full-time, plus 450 associate faculty",,"3,220",,Urban,White & blue,"AUCC , IAU , CVU",www .royalroads .ca,,"HUĆIST TŦE S,HELI ŁTE.","""Living Our Learning""",,,$40 million,Nelson Chan,,,,,,,,,,,,
Simon Fraser University,,1965 ; 59 years ago ( 1965 ),Joy Johnson,"1,095",,"30,380 (Fall 2022) 3",,"3 ( Burnaby , Surrey , Vancouver )","Light red , dark red 4",,www .sfu .ca,,Nous sommes prêts ( French ),"""We are ready""",,"ACU , CARL , CUSID , Universities Canada",CA$ 605 million (2021) 1,Tamara Vrooman,,,,,,,,,,,,
Thompson Rivers University,,1970 ; 54 years ago ( 1970 ),Brett Fairbairn,About 500 (as of 2022) 1,,"12,812 FTE, 27,701 total including on campus, online and dually enrolled, part and full time 2",,Urban,TRU Blue TRU Sage,"U Sports , AUCC , IAU , CVU , CWUAA , CBIE, CUP , RUCBC .",www .tru .ca,,T7ETSXEMÍNTE RE STSELXMÉM means “to strive ahead” in Secwepemctsín . It indicates that the journey of learning is enduring and unremitting.,,,,,Nathan Matthew,,,,,,,,,,,,
University of British Columbia,,1908 ; 116 years ago ( 1908 ),Benoit-Antoine Bacon,"5,696 (Vancouver) 600 (Okanagan) 4","10,647 (Vancouver) 835 (Okanagan) 4","66,266 5",,Vancouver: 4.020 km 2 (993 acres) Okanagan: 2.086 km 2 (515 acres),Blue and gold 7,,ubc .ca,,Tuum Est ( Latin ) 1,"""It is up to you"" ""It is yours""",,"ACU , APRU , ASAIHL , Universities Canada , U15",CA$2.8 billion (2023) 2,Steven Point,,,,,,,,,,,,
University of Victoria,Victoria College,"July 1, 1963 ; 60 years ago ( 1963-07-01 ) note 1 1",Kevin Hall 4,900 faculty 6,"5,251 employees 7","22,060 7",,"Urban , 163 hectares (403 acres)",Red Gold Blue,,www .uvic .ca,,"""Multitudo sapientium sanitas orbis"" ( Latin ) "" יְהִי אוֹר "" ( Hebrew )","""A multitude of the wise is the health of the world"" "" Let there be light """,,,$525 million (2021) 2,Marion Buller 3,,,,,,,,,,,,
University of the Fraser Valley,,1974 ; 50 years ago ( 1974 ) 2,Joanne MacLean 4,710 5 (c. 2012),,"9,270 6",,"Urban , 26 ha (64 acres) (Abbotsford)",Green,U Sports AUCC CWUAA CBIE CUP CASA .,www .ufv .ca,,Iyaqáwtxw,"Halkomelem : ""house of transformation"" 1",,,,Andy Sidhu 3,,,,,,,,,,,,
University of Northern British Columbia,,1990 ; 34 years ago ( 1990 ),Geoffrey Payne,,,"3,310",,UNBC Main Campus (Prince George) Wood Innovation and Design Centre (Prince George) Peace River-Liard Campus (Fort St. John) Northwest Campus (Terrace) South-Central Campus (Quesnel),Gold and green,,www .unbc .ca,,'En Cha Huná ( Carrier ),"He/she also lives (translated as ""respecting all forms of life"")",,"UArctic , Universities Canada",US$62.8 million (2020) 1,,,,,,,,,,,,,
Vancouver Island University,,"(1969-1988 as Malaspina College); (1988-2008 as Malaspina University-College); (September 1, 2008 - Now) Vancouver Island University",Dr. Deborah Saucier,,,"7,150 2",,,blue & green ;,,https://www.viu.ca,,Matter Here,,,Universities Canada,C$ 26.3 million 1,Louise Mandell,,,,,,,,,,,,
University College of the North,Keewatin Community College (1966-2004),"July 1, 2004 as University College of the North 1966 (as Keewatin Community College)",Doug Lauvstad,,Approx. 400,"Approx. 2,400","436 7th St E Box 3000 , The Pas , Manitoba , Canada  53.81972°N 101.23778°W53.81972; -101.23778",,,"AUCC , Canadian Colleges Athletic Association , Association of Canadian Community Colleges , IAU , CIS , UArctic , ACU , Campus Manitoba",www .ucn .ca,,,,,,,Edwin Jebb,,,,,,,,,,,,
University of Manitoba,,1877 ; 147 years ago ( 1877 ),Michael Benarroch,"5,252 2","3,838 2","30,370 2",,"Urban, 691 acres (280 ha), Fort Garry Campus 3",Brown and gold 4,,umanitoba.ca,,Floreat ( Latin ),Flourish (or Prosper),,"Campus Manitoba , CARL , CVU , U15 , Universities Canada",$878 million 1,Anne Mahon,,,,,,,,,,,,
Université de Saint-Boniface,,1818 ; 206 years ago ( 1818 ),Sophie Bouffard (since 2019),,,1333,,Francophone neighbourhood of St. Boniface,,,ustboniface .ca,,,,,,,,,,,,,,,,,,,
University of Winnipeg,,1938 as United College; 1967 as University of Winnipeg,Todd Mondor,340 2,489 2,"9,028 2",,Urban,,AUCC IAU ATS U Sports CWUAA UArctic Campus Manitoba CUP,uwinnipeg .ca,,Lux et Veritas Floreant,Let Light and Truth Flourish,,,$64.7 million 1,,,,,,,,,,,,,
Mount Allison University,,June 1839 ; 185 years ago ( 1839-06 ),Robert MacKinnon (Interim),129,,"2,412 2",,"College Town , 72 acres (29 ha)",Garnet & gold,,www .mta .ca,,"Litterae, Religio, Scientia","Writing, Divinity, Knowledge",United Church of Canada,"Maple League of Universities , Universities Canada , IAU , ACU , CIS , CBIE, AUS , CUP",$233 million (2023) 1,Lynn Loewen,,,,,,,,,,,,
St. Thomas University (New Brunswick),,1910; 110 years ago,M. Nauman Farooqi 3,,,"1,733 5",,Urban,Gold and Green,,www .stu .ca,,Doce Bonitatem Scientiam et Disciplinam ( Latin ),Teach me Goodness and Knowledge and Discipline 1,Roman Catholic 2,UACC CUP ICUSTA,,Hon. Graydon Nicholas,,,,,,,,,,,,
University of New Brunswick,Academy of Liberal Arts and Sciences (1785–1800) College of New Brunswick (1800–1828) King's College (1828–1859),1785 ; 239 years ago ( 1785 ),Paul Mazerolle,747 FTE,,"10,556 (Fall 2023) 3",,Urban,Red & black,,unb .ca,,Sapere aude ( Latin ),Dare to be wise,,"CARL , CUSID , CVU , Universities Canada",$ 238.328 million 1,H. Wade MacLauchlan 2,,,,,,,,,,,,
Université de Moncton,,"1963 (Merger of Collège Saint-Joseph , Collège du Sacré-Cœur and Collège Saint-Louis)",,,,5796,,Urban,Blue and Gold,,www .umoncton .ca,,Surge illuminare 1,"Arise, Shine",,,,Louise Imbeault 2,,,,,,,,,,,,
Memorial University of Newfoundland,Memorial University College,1925 ; 99 years ago ( 1925 ),Neil Bose,"1,330 3","2,474 3","19,429 4",,Urban St. John's: 279 acres (113 ha) Grenfell: 185 acres (75 ha) Harlow: 25 acres (10 ha),,,mun .ca,,Provehito in Altum ( Latin ),"""Launch forth into the deep""",,,CAD$ 159 million 1,Earl Ludlow 2,,,,,,,,,,,,
Mount Saint Vincent University,"Mount Saint Vincent Academy (1873–1925), Mount Saint Vincent College (1925–1966)",1873 ; 151 years ago ( 1873 ),Dr. Joël Dickinson,,,"4,418 2","166 Bedford Highway Halifax , Nova Scotia B3M 2J6  44.67083°N 63.64639°W44.67083; -63.64639",Suburban,blue,"AUCC , IAU , CBIE, CUP .",http://www.msvu.ca/,,Veritas ad Deum ducit ( Latin ),"""Truth Leads to God""",,,"CAN$29.98 million 1 (as of March 31, 2018)",Sister Margaret Mary Fitzpatrick,,,,,,,,,,,,
Nova Scotia College of Art and Design University,,1887 ; 137 years ago ( 1887 ),Peggy Shannon,85 (regular staff),,820 (2021) 2,,Urban,Purple and green,"UACC , CBIE, AICAD",nscad .ca,,"Head, Heart, and Hand",,,,$8.18 million (2020) 1,,,,,,,,,,,,,
Saint Francis Xavier University,Arichat College (1853–1855) St. Francis Xavier College/ Seminary (1855–1866),1853 ; 171 years ago ( 1853 ),Andrew Hakin,265,,,,Rural,Blue and White,,www .stfx .ca,,"Quaecumque Sunt Vera ( Phil 4,8) (Latin)",What so ever things are true,Roman Catholic,"Maple League of Universities , AUCC , IAU , CUSID , CBIE, CUP .",$ 140 million 1,John Peacock 2,,,,,,,,,,,,
"Saint Mary's University, Halifax",,1802 ; 222 years ago ( 1802 ),Robert Summerby-Murray,501 (2014) 3,484 (2014) 3,"6,257 (2023) 4",,"Urban, 32 ha (79 acres)",Maroon and white,,smu.ca,,Age Quod Agis (Latin),"""What You Do, Do Well""",,,$53.7 million (2021) 1,Michael Durland 2,,,,,,,,,,,,
Université Sainte-Anne,,1890 ; 134 years ago ( 1890 ) (as Collège Sainte-Anne)(Incorporated in 1892),Allister Surette,"Arts, sciences & professional programs",,632 1,"1695, Route 1 Pointe-de-l’Église  B0W 1M0 , Pointe-de-l'Église , Nova Scotia , Canada 44°15′26.57″N 66°20′42.07″W44.2573806°N 66.3450194°W44.2573806; -66.3450194",Rural area,Blue & Copper,,www .usainteanne .ca,,Fidelitas,Faithfulness,,,,Aldéa Landry,,,,,,,,,,,,
University of King's College,,1789 ; 235 years ago ( 1789 ),William Lahey 2,64,,914 4,"Halifax , Nova Scotia  44.63750°N 63.59528°W44.63750; -63.59528","Urban , 5-acre (2.02 ha)",Blue and White,"Dalhousie University , AUCC , CUP .",www .ukings .ca,,Deo Legi Regi Gregi ( Latin ),"For God, Law, King, People",,,$51.4 million,Debra Deane Little 1,,,,,,,,,,,,
Laurentian University,,"March 28, 1960",Lynn Wells,,,,"935 Ramsey Lake Road Sudbury , Ontario P3E 2C6 46°27′57.75″N 80°58′13.77″W46.4660417°N 80.9704917°W46.4660417; -80.9704917","urban green belt , 304 ha (750 acres)",Gold & blue,,laurentian .ca,,Emitte lucem et veritatem,Send forth thy light and thy truth,,"ACUFC , COU , CVU , Universities Canada",CA$ 52.8 million,Vacant,,,,,,,,,,,,
McMaster University,,23 April 1887 (137 years ago) ( 1887-04-23 ) note 1 4,David H. Farrar,997 6,"12,786 6","37,370 (2021-2022) 6",,"Urban, 152.4 hectares (377 acres)",Maroon grey 7,,www .mcmaster .ca,,Τὰ πάντα ἐν Χριστῷ συνέστηκεν ( Greek ),In Christ all things consist 1,,,CA$ 908.7 million 5,Santee Smith,,,,,,,,,,,,
Nipissing University,"Northeastern University (1960–1967), Nipissing College (1967–1992)",10 December 1992 (31 years ago) ( 1992-12-10 ),Kevin Wamsley 2,195,"1,338 (325 full-time staff)","5,400 (2021) 3",,"Suburban, 720 acres (290 ha)",4,,www .nipissingu .ca,,Latin : Integritas,Spirit of Integrity,,,C$ 11.642 million (2018) 1,Paul Cook,,,,,,,,,,,,
Ontario College of Art and Design University,Ontario School of Art (1876–86) Toronto Art School (1886–90) Central Ontario School of Art and Industrial Design (1890–1912) Ontario College of Art (1912–96) Ontario College of Art & Design (1996–2010),4 April 1876 ; 148 years ago ( 1876-04-04 ) note 1,Ana Serrano,400 2,,"4,990 (2021) 3 note 2",,Urban,,"AICAD , COU , Universities Canada",www .ocadu .ca,,,,,,C$ 19.9 million (2022) 1,Jamie Watt,,,,,,,,,,,,
Queen's University at Kingston,Queen's College at Kingston (1841–1912) 2,16 October 1841 (182 years ago) ( 1841-10-16 ) 2,,"3,925 6","2,824 (2022)","33,842 (2022) 7",,Urban Main campus: 40 hectares (99 acres) West campus: 27 hectares (67 acres) 8,"Blue, Gold, and Red 9",,queensu .ca,,Sapientia et Doctrina Stabilitas ( Latin ),Wisdom and knowledge shall be the stability of thy times 3,,,CA$ 1.409 billion (2022) 4,Murray Sinclair,,,,,,,,,,,,
Royal Military College of Canada,,1876,,,200,,,41-hectare peninsula east of downtown Kingston ( Point Frederick ); Waterfront CFB Kingston,,,www .rmc-cmr .ca /en,,"Truth, Duty, Valour ( Verité, Devoir, Vaillance )",,,ACUFC CMA COU CUSID CVU DRDC ISMS PPC UArctic Universities Canada,,Bill Blair ( ex officio as Defence Minister ),,,,,,,,,,,,
Toronto Metropolitan University,Ryerson Institute of Technology (1948–1966) Ryerson Polytechnical Institute (1966–1993) Ryerson Polytechnic University (1993–2001) Ryerson University (2001–2022),"September 16, 1948 ; 75 years ago ( 1948-09-16 ) note 1",Mohamed Lachemi 4,,,,,Urban ; 121 acres (49 ha) 7,Blue and gold,,www .torontomu .ca,,Mente et artificio ( Latin ),With mind and skill 1,,,C$136.285 million 2,Janice Fukakusa 3,,,,,,,,,,,,
Trent University,,1964 ; 60 years ago ( 1964 ),Leo Groarke,251,,,,Urban,Green and white 1,,trentu .ca,,Nunc cognosco ex parte ( Latin ),Now I know in part,,"COU , Universities Canada",$54 million,Stephen Stohn,,,,,,,,,,,,
Université de Hearst,,"1953 as Séminaire de Hearst, 2021 as an independent university",Lyne Fecteau,30,,280,"S. P. 580, 60, 9e Rue Hearst  P0L 1N0 , Hearst , Kapuskasing and Timmins , Ontario , Canada  83°39′55.58″W49.70750°N 83.6654389°W49.70750; -83.6654389",Urban,,,www .uhearst .ca,,ut cognoscante,That they might know You,,"ACUFC , Universities Canada",,,,,,,,,,,,,,
Université de l'Ontario français,,9 April 2018 ; 6 years ago ( 2018-04-09 ) 1,Pierre Ouellette 2 3 4,,,,,,,,uontario .ca,,,,,,,,,,,,,,,,,,,
University of Sudbury,,1913 Collège du Sacré-Coeur de Sudbury. Subsequently named the University/Université of Sudbury in 1957.,Dr. Serge Miville,,,,"935 Ramsey Lake Road Sudbury , Ontario P3E 2C6  46.4662°N 80.9731°W46.4662; -80.9731",Urban,Blue & Red,,http://www.usudbury.ca/,,"Latin: Lucerna ardens et lucens English: A torch of glowing radiance ( Jn V , 35)",,,"ACUFC , Universities Canada",,Gérald Michel,,,,,,,,,,,,
University of Guelph,,"May 8, 1964 (60 years ago) As constituents : OAC : (1874) Macdonald Institute: (1903) OVC : (1922)",Charlotte A.B. Yates,830,"3,100","29,923",,"Urban 589 ha (1,455 acres) 3",,,www .uoguelph .ca,,Latin : Rerum cognoscere causas,"""To learn the reasons of realities""",,,CA$445 million (2023) 1,Mary Anne Chambers 2,,,,,,,,,,,,
Ontario Tech University,,2002,Steven A. Murphy,341 2,517 2,"11,050 (2022) 3 note 1",,Urban / suburban,"Dark blue, light blue, orange 4",,ontariotechu .ca,,Cogitando et Agendo Ducemus,By thinking and doing we shall lead,,"COU , Universities Canada",C$ 23.8 million 1,Mitch Frazer,,,,,,,,,,,,
University of Ottawa,College of Bytown (1848–1861) College of Ottawa (1861–1866),1848 ; 176 years ago ( 1848 ),Jacques Frémont,"2,911 4","2,839 4","48,800 4",,"Urban , 42.5 hectares (105 acres) 4",Garnet and Grey 7,,www .uottawa .ca,,Deus scientiarum Dominus est ( Latin ),God is the master of the sciences 1,,"ACU , ACUFC , CARL , COU , CUSID , Fields Institute , IAU , Universities Canada , U15",CA$321.3 million (2022) 2,Claudette Commanda,,,,,,,,,,,,
University of Toronto,,"March 15, 1827 (197 years ago) ( 1827-03-15 )",Meric Gertler 3,"3,246 5","7,462 5","64,218 a 6",,"St. George; Urban, 71 hectares (180 acres) a 7",PMS 655 blue 8,,utoronto.ca,,Velut arbor ævo ( Latin ),"""As a tree through the ages"" 1",,,c. C$3.27 billion (excl. colleges) 2 c. C$3.99 billion (incl. colleges) 2,Rose M. Patten 3,,,,,,,,,,,,
University of Waterloo,Waterloo College Associate Faculties (1956–1959) 1,1959 ( 1959 ) 2 a,Vivek Goel CM,"1,355 4","2,691 4",,,"Urban , 450 hectares (1,112 acres) 6 7",8,,uwaterloo .ca,,Concordia cum veritate ( Latin ),In harmony with truth,,"ACU , CARL , COU , CUSID , Fields Institute , Universities Canada , U15",CA$ 492 million (2023) 3,Dominic Barton,,,,,,,,,,,,
University of Western Ontario,"The Western University of London, Ontario 1",7 March 1878 ; 146 years ago ( 1878-03-07 ) 2,Alan Shepard,"1,403 5",,,,"Urban, 455 hectares (1,120 acres) 8",Purple and white 9,,uwo .ca,,Veritas et Utilitas ( Latin ),Truth and usefulness,,"ACU , CARL , COU , CUSID , Fields Institute , Universities Canada , U15",CA$ 1.14 billion (2023) 3,Kelly Meighen,,,,,,,,,,,,
University of Windsor,Assumption College (1857–1956) Assumption University of Windsor (1956–1963),September 1857 ; 166 years ago ( 1857-09 ) note 1,Robert Gordon,524,,"17,520 (2022)",,"Urban, 51 hectares (130 acres)",Blue and gold,,uwindsor.ca,,"Bonitatem, disciplinam, scientiam ( Latin )","Goodness, Discipline, and Knowledge",,"CARL , COU , Universities Canada",CAD$ 139 million (2023),Mary Jo Haddad,,,,,,,,,,,,
Wilfrid Laurier University,Waterloo Lutheran University (1960–1973),1911 ( 1911 ),Deborah MacLatchy,553 1,,"22,900",,,Purple and gold,,www .wlu .ca,,Veritas Omnia Vincit,Truth conquers all,,,CA$71.6 million,Eileen Mercier,,,,,,,,,,,,
York University,,1959 ; 65 years ago ( 1959 ),Rhonda Lenton 2,,"7,000","55,700",,"Urban / suburban, 185 ha (460 acres)",,,www .yorku .ca,,Tentanda via ( Latin ),The way must be tried,,"CARL , COU , CUSID , Fields Institute , IAU , Universities Canada",$632.7 million (2021) 1,Kathleen Taylor,,,,,,,,,,,,
University of Prince Edward Island,Prince of Wales College (1860); Saint Dunstan's University (1855),1969 ; 55 years ago ( 1969 ),Gregory Keefe,246 permanent and 28 term faculty,,"5,533 1","550 University Avenue Charlottetown , Prince Edward Island C1A 4P3  46.259°N 63.138°W46.259; -63.138",Mixed rural/urban,"Rust, green, and gold 2",,www .upei .ca,,"Fides, Scientia, Beneficium","Faith, Knowledge, Service",,,$40 million (2019),Hon. Catherine Callbeck,,,,,,,,,,,,
École de technologie supérieure,,1974,,260,,"11,000 1",,Urban,Black and maroon,"UACC , CIS , CEAB , QSSF , CBIE, CUP .",etsmtl .ca,,Le génie pour l'industrie,Engineering for Industry,,,,,,,,,,,,,,,,
École nationale d'administration publique,,1969,,40,143,,"555, boulevard Charest Est Quebec City, Quebec G1K 9E5  46.81417°N 71.22250°W46.81417; -71.22250","Urban/Suburban, five campuses throughout Quebec, with two major campuses in Quebec City and Montreal and three campuses in Gatineau , Saguenay and Trois-Rivières",Black & maroon,,www .enap .ca,,"""l'université de l'administration publique"" (the public administration university)",,,UACC,,,,,,,,,,,,,,
Institut national de la recherche scientifique,,1969,Armand Couture,,,,,"Urban / Suburban , five campuses throughout Quebec, with campuses in Quebec City and Montreal , Laval , and Varennes .",White & blue,"UACC , IAU",www.inrs.ca/,,"""La science en action pour un monde en evolution"" (Science in action for a world in evolution)",,,,,,,,,,,,,,,,,
McGill University,,"March 31, 1821 ; 203 years ago ( 1821-03-31 ) 2",H. Deep Saini 5 6,"3,476 (staff) 1,747 tenure track, 1,667 non-tenure track (faculty) 7","4,327 8","39,513 (2022) 9",,"Urban Downtown : 32 ha (80 acres) 10 Macdonald Campus : 650 ha (1,600 acres) 10 Outaouais Campus",Red 11 White,,www .mcgill .ca,,Grandescunt Aucta Labore On legend : In Domino Confido,"By work, all things increase and grow On legend : I trust in the Lord 1",,,CA$2.039 billion 3,John McCall MacBain,,,,,,,,,,,,
Université de Montréal,,1878 ; 146 years ago ( 1878 ),,"7,329 3","4,427 3","66,972 total (44,106 without its affiliated schools)",,"Urban, park, 60 ha (150 acres)","Royal blue, white and black",,www .umontreal .ca,,Fide splendet et scientia ( Latin ),It shines by faith and knowledge,,,$ 403.054 million 1,Frantz Saintellemy,,,,,,,,,,,,
Université de Sherbrooke,,1954,,"3,400","3,200","31,000",,Urban / Suburban,Green and Gold,,usherbrooke.ca,,Veritatem in charitate,Truth In Charity,Roman Catholic,,,,,,,,,,,,,,,
Université du Québec en Abitibi-Témiscamingue,,1970 (legally 1983),,,,"5,200 1",,"Urban/Suburban, five campuses throughout Quebec, with campuses in Quebec City , Montreal , Laval , and Varennes",Black and red,UACC,www.uqat.ca/,,Il faut le savoir (It must be known),,,,,,,,,,,,,,,,,
Université du Québec en Outaouais,,1981,,,175 full-time professors & 565 lecturers.,"6,017",,Université du Québec en Outaouais's Gatineau and Saint-Jérôme campuses,,"ACCC , CCAA , QSSF",Université du Québec en Outaouais (UQO),,"""Être plus près, aller plus loin"" (Being closer, going further)",,non-denominational,,,,,,,,,,,,,,,
Université du Québec à Chicoutimi,,"1959 Université au Saguenay-Lac-Saint-Jean (1959-1967). Subsequently renamed, Université du Québec à Chicoutimi (1969-present)",,,209 professors,,"555, boulevard de l'Université Saguenay , Quebec G7H 2B1  48.42000°N 71.05250°W48.42000; -71.05250",urban,,"AUCC , IAU , AUFC , CIS",www.uqac.ca,,Libre de voir plus loin ( French : free to see further),,,,,,,,,,,,,,,,,
Université du Québec à Montréal,,1969,,"1,143 professors & 2,124 instructors (2020–2021) 3",,39 427 (2020–2021) 4,,Urban,White and blue,,uqam .ca,,Prenez Position,Take a Stand,,"UACC , CARL",,Réal Raymond,,,,,,,,,,,,
Université du Québec à Rimouski,,1969,,210 professors on campus + 325 lecturers,300,~6700,,Urban (Lévis and Rimouski),Ultramarine Blue,,https://www.uqar.ca/,,,,,,,,,,,,,,,,,,,
Université du Québec à Trois-Rivières,,"March 19, 1969",,,"1,781 employees","14,740","3351, boulevard des Forges Trois-Rivières , Quebec , Canada G9A 5H7 46°21′2.04″N 72°34′34.67″W46.3505667°N 72.5762972°W46.3505667; -72.5762972","Trois-Rivières , Victoriaville , Drummondville , Saint-Hyacinthe , Quebec City , Sorel-Tracy , Joliette & Centre Universitaire des Appalaches",Green Orange & White,,https://www.uqtr.ca,,,,,,,,,,,,,,,,,,,
Université TÉLUQ,,1972,,~90 professors,,,"455, rue du Parvis Quebec City , Quebec G1K 9H6 46°48′50.04″N 71°13′22.44″W46.8139000°N 71.2229000°W46.8139000; -71.2229000",Distance learning,,Université du Québec CVU AUCC,https://www.teluq.ca/,,,,,,,,,,,,,,,,,,,
Université Laval,Séminaire de Québec (1663-1852),1852 ; 172 years ago ( 1852 ),,,,"47,690",,Urban/Suburban,Red & gold,,www .ulaval .ca,,Deo favente haud pluribus impar ( Latin ),"By the grace of God, to no one equal",,"ACU , CARL , UArctic , Universities Canada , U15",CAD$ 377 million 1,,,,,,,,,,,,,
University of Regina,Regina College (1911–1961) Regina Campus of the University of Saskatchewan (1961–1974),1974,Jeff Keshen,529 2,"1,283","16,501 (fall 2019) 3",,Urban,Green and gold 4,,www .uregina .ca,,As one who serves,,,"CARL , CUSID , IAU , UArctic , Universities Canada",$128.4 million 1,Pamela Klein,,,,,,,,,,,,
University of Saskatchewan,,1907 ; 117 years ago ( 1907 ),Peter Stoicheff,,,"25,703 23,691 1",,Urban,Green and yellow and white 2,,www .usask .ca,,Deo et Patriæ ( Latin ),For God and Country,,"ACU , CARL , UArctic , UASR , Universities Canada",CAN$ 214 million,Grit McCreath,,,,,,,,,,,,
Yukon University,,1988 ; 36 years ago ( 1988 ) note 1,Lesley A. Brown 3,,220,1285 4,"500 University Drive Whitehorse , Yukon, Canada Y1A 5K4 60°45′1.20″N 135°5′55.49″W60.7503333°N 135.0987472°W60.7503333; -135.0987472",Suburban & rural,Plum and teal,"BCCAT , CCAA , CBIE, CICan , UArctic",www .yukonu .ca,,,,,,CA$ 2.72 million (2019) 1,Jamena James Allen 2,,,,,,,,,,,,
Ambrose University,"Calgary Bible Institute, Alberta School of Evangelism, Northern Bible College, Canadian Nazarene College, Nazarene University College; Canadian Bible Institute, Western Canadian Bible Institute, Canadian Bible College of the Christian and Missionary Alliance, Canadian Theological Seminary, Alliance University College; Nazarene University College-Alliance University College (NUC-AUC); Ambrose University College",1921,Bryce Ashlin-Mayo,,,920 in 2023,,,"Gold, white, black",,ambrose .edu,,,,"Christian and Missionary Alliance , Church of the Nazarene","ATS (Graduate Theological Degrees), CHEC (Undergraduate Theological Degrees), CCCU",,,,,,,,,,,,,,
Booth University College,,1982 ( 1982 ),Donald Burke,16,,282 (2019),,Urban,Blue yellow red,,boothuc .ca,,Education for a better world,,Salvation Army,,,,,,,,,,,,,,,
Burman University,,1907,Loren Agrey,,,479 1,,,Red & white 2,,www .burmanu .ca,,Think. Believe. Act.,,"Seventh-day Adventist , Christian","La Sierra University , Andrews University",,,,,,,,,,,,,,
Canadian Mennonite University,,1999,Cheryl Pauls,,,,,Urban,Green,,cmu .ca,,,,"Mennonite Church Canada , Mennonite Brethren Church of Manitoba",AUCC CHEC MCAC,,,,,,,,,,,,,,
Concordia University of Edmonton,Concordia College (1921–1995); Concordia University College of Alberta (1995–2015),1921,Dr. Tim Loreman,,,"2,333",,Urban Residential,blue and gold,"AUCC , ACAA",http://concordia.ab.ca,,Initium Sapientiae Timor Domini,The fear of the Lord is the beginning of wisdom,,,,Stephen Mandel,,,,,,,,,,,,
Crandall University,,1949,Bruce G. Fawcett,"27 full-time, 3 sessional, 2 adjunct, and 27 part-time citation needed",39 citation needed,"1,400+ 1",,Urban,Blue and Gold,"Convention of Atlantic Baptist Churches Acadia Divinity College CCCU Evangelical Fellowship of Canada , CUSID ,",www .crandallu .ca,,Cristus Praeeminens,Christ First,,,,Donald Simmonds,,,,,,,,,,,,
Kingswood University,,"1945 (Woodstock, New Brunswick) Moved 1947 (Yarmouth, NS) Moved 1965 (Sussex, NB)",Stephen Lennox,26 citation needed,40 citation needed,,,Rural,Black & red,,www .kingswood .edu,,Equipping Servant Leaders for Global Impact,,Wesleyan Church Christian Holiness Partnership Evangelical Fellowship of Canada,Association for Biblical Higher Education Association of Christian Schools International Christian Higher Education Canada,,,,,,,,,,,,,,
Pacific Coast University for Workplace Health Sciences (page does not exist),,,,,,,,,,,,,,,,,,,,,,,,,,,,,,
Providence University College and Theological Seminary,,1925,Kenton C. Anderson 1,,,,,100 acres (40 ha),,"Association of Theological Schools in the United States and Canada , CCCU",prov.ca,,Knowledge and Character for Leadership and Service,,Evangelical Christian,,,,,,,,,,,,,,,
Redeemer University,,1982,David Zietsma,44 full time + 49 part time,,,,Suburban 90-acre (36 ha) campus,Blue & red,,www .redeemer .ca,,"Agnus Dei, Omnium Rex",,Christian,"AUCC , CCCU , IAPCHE , ARIHE , CHEC",CA$6.201 million (2023) 1,,,,,,,,,,,,,
"St. Mary's University, Calgary",,"September 18, 1986",Dr. Sinda Vanderpool,,,1025 1,,"Urban, Enclosed Hilltop",,,www.stmu.ca,,Latin : In Lumine Tuo Videbimus Lumen,In Your Light We Shall See Light,Roman Catholic,,,Most Reverend William T. McGrattan,,,,,,,,,,,,
St. Stephen's University,,1975,,6 core faculty; 18 affiliate faculty,,133 1,"8 Main Street , St. Stephen , New Brunswick , Canada  45.1930°N 67.2820°W45.1930; -67.2820",,green and gray,,www .ssu .ca,,Anchored with wings,,Non-denominational Christianity,,,,,,,,,,,,,,,
The King's University (Edmonton),,1979,Melanie J. Humphreys,120,,910,,"Urban, 20 acres (8.09 ha)","Blue, Gold",,http://www.kingsu.ca/,,"""Teaching Each Other in All Wisdom""",,,,"CA$1,863,967 1",,,,,,,,,,,,,
Trinity Western University,,"1962 ; 62 years ago ( 1962 ) Trinity Junior College (1962–1972), Trinity Western College (1972–1985), Trinity Western University (1986–present)",Mark Husbands,,,"5,000 citation needed",,Suburban/Rural 157 acres (64 ha)<,Gold & blue,,www .twu .ca,,Latin : Turris Fortis Deus Noster,A Mighty Fortress Is Our God,Evangelical Christian - Evangelical Free Church of Canada,"AUCC , ATS , CUP , CHEC, CCCU , RSC , BCEQA. 1",CAD $ 22.4 million (2019) 2 3,,,,,,,,,,,,,
Tyndale University,,1894,Marjory Kerr 2,,,1361,,Suburban,blue and gold,"CBIE, ATS , CHEC, CCCU , ABHE",tyndale.ca,,Douloi Cristou,Servants of Christ,Evangelical Christian,,,Harriet Thornhill 1,,,,,,,,,,,,
University Canada West,,2005,Dr. Bashir Makhoul 2,412 3,,"14,485 3",,Urban,,,www .ucanwest .ca,,,,,,,Mitchell Gropper 1,Red and white,,,,,,,,,,,
University of Fredericton,,2005,Don Roy,,,,,Online,white and red,,www .ufred .ca,,Accessible. Affordable. Accredited.,,,,,,,,,,,,,,,,,
University of Niagara Falls Canada,,2024,,,,,,Urban,"Navy blue, royal blue, white",,unfc .ca,,,,,,,,,,,,,,,,,,,
Yorkville University,,2003,,,,,,,,,www .yorkvilleu .ca,,,,,,,,,,,,,,,,,,,
ABM College of Health and Technology,,2011,Dr. Mohammed Baten,,80,,"112 - 28 Street SE, #200 , Calgary , Alberta , Canada  51.05218°N 113.99288°W51.05218; -113.99288",,"Red , white",,https://www.abmcollege.com/,,,,,,,,,Private,,,,,,,,,,
Ambrose University College,"Calgary Bible Institute, Alberta School of Evangelism, Northern Bible College, Canadian Nazarene College, Nazarene University College; Canadian Bible Institute, Western Canadian Bible Institute, Canadian Bible College of the Christian and Missionary Alliance, Canadian Theological Seminary, Alliance University College; Nazarene University College-Alliance University College (NUC-AUC); Ambrose University College",1921,Bryce Ashlin-Mayo,,,920 in 2023,,,"Gold, white, black",,ambrose .edu,,,,"Christian and Missionary Alliance , Church of the Nazarene","ATS (Graduate Theological Degrees), CHEC (Undergraduate Theological Degrees), CCCU",,,,Private,Debi Mills,"Calgary , Alberta , Canada 51°02′03″N 114°11′36″W / 51.0342°N 114.1933°W / 51.0342; -114.1933",Lions,Lion,,,,,,
Bay River College,,2014,Arshad Mahmood,,30,,,,"Blue , Light Blue",,https://bayrivercolleges.ca,,,,,,,,,Private,,"Calgary , Alberta , Canada 51°05′08″N 113°59′49″W / 51.085545°N 113.997081°W / 51.085545; -113.997081 a",,,,,,,,
Bow Valley College,,1965,Dr. Misheck Mwaba 1,,500,"17,000",,Urban,Blue,"ACCC , Alberta Association of Colleges & Technical Institutes , CBIE",bowvalleycollege .ca,,,,,,,,,Public College (Canada),,"345 6th Avenue SE Calgary , Alberta , Canada",,,Shannon Bowen-Smed,,,,,
Grande Prairie Regional College,,1966,Dr. Vanessa Sheane,,,"2,892 (2022-23)",,Urban,"Dark blue , light blue, pink and yellow 1","Universities Canada , Canadian Collegiate Athletic Association , U Sports , University of the Arctic , Association of Commonwealth Universities , Alberta Colleges Athletics Conference , Alberta Association of Colleges & Technical Institutes ,",www .nwpolytech .ca,,,,,,,,,Polytechnic,,"Grande Prairie , Alberta , Canada 55°10′31.77″N 118°49′6.25″W / 55.1754917°N 118.8184028°W / 55.1754917; -118.8184028",Wolves,,,"Grande Prairie Junior College, Grande Prairie Regional College",,,,
Keyano College,,1965,Jatinder (Jay) Notay 1,260 2,,1450 FLEs 2,"8115 Franklin Avenue , Fort McMurray, Alberta , Canada  56.7145°N 111.3477°W56.7145; -111.3477",Urban/suburban,Blue & white,,www .keyano .ca /en /index .aspx,,"Yours, Mine, Ours",,,AACTI ACCC CCAA ACAC,,,,Public,,,Huskies,King,,,Anzac Fort Chipewyan Fort McMurray Fort McKay,,,
The King's University College,,1979,Melanie J. Humphreys,120,,910,,"Urban, 20 acres (8.09 ha)","Blue, Gold",,http://www.kingsu.ca/,,"""Teaching Each Other in All Wisdom""",,,,"CA$1,863,967 1",,,liberal arts college,,"Edmonton , Alberta , Canada",,Eagle,,,,Christian Reformed Church in North America,,
Lakeland College,Vermilion School of Agriculture Vermilion Agricultural and Vocational College Vermilion College,"November 17, 1913 ( 1913-11-17 )",Alice Wainwright-Stewart,,,"c. 7,000 full & part-time 1","2602 59 Avenue , Lloydminster, Alberta , Canada  53.3502°N 110.8648°W53.3502; -110.8648","Urban/suburban/remote, multiple campuses Lloydminster and Vermilion",,,www .lakelandcollege .ca,,Ever to Excel,,,"ACCC , AACTI , CBIE",,,,Public college,,,Rustlers,Rowdy,,,,,"CCAA , CCAA",
Lethbridge College,,1957,Dr. Brad Donaldson,,,"5,154",,"Urban / suburban Lethbridge , Fort Macleod and Taber .",,"ACCC , CCAA , CCAA , AACTI , CBIE",www .lethbridgecollege .ca,,,,,,,,,Public degree granting community college,,"Lethbridge , Alberta , Canada",Kodiaks,Kodi the Kodiak,,,,,,
MaKami College,,2001,,,,2000+,,,,,makamicollege .com,,Hands on training and experience,,,,,,,Independent Academic Institution,,"Edmonton & Calgary , Alberta , Canada 53°32′23″N 113°25′24″W / 53.5397°N 113.4232°W / 53.5397; -113.4232 (Edmonton location)",,MaKami Max,,MaKami College of Massage and Holistic Arts,,,,Marija Pavkovic-Tovissi
Medicine Hat College,,1965,Kevin Shufflebotham,,,"2,500 full-time",,Urban Medicine Hat Brooks,gold ; black ; red,"ACCC , CCAA , CCAA , AACTI , CBIE",www .mhc .ab .ca,,"Scienta Mentem Sustinet (Latin: ""Knowledge Sustains the Mind"")",,,,,,,Public degree-granting community college,,"Medicine Hat , Alberta , Canada",Rattlers,Rattlesnake,,,,,,
NorQuest College,Alberta Vocational College,1965,Carolyn Campbell,,,"20,311 12,435 full-time and part-time credit, non-credit or continuing education students","10215 108 Street NW Edmonton , Alberta, Canada T5J 1L6  53.54334°N 113.50650°W53.54334; -113.50650","Urban / suburban /remote ( downtown , Westmount ), Drayton Valley , Wetaskiwin , Whitecourt",,"ACCC , CCAA , AACTI , CBIE",NorQuest College,,,,,,,,,Community college,,,,,,,,,,
Northern Alberta Institute of Technology,,1962 ; 62 years ago ( 1962 ),Laura Jo Gunter 3,"2,093 (2023) 5",,,,Urban (Main campus),Athletics: Gold and Royal Blue Institute: Royal Blue and Light Blue,,www .nait .ca /nait /home,,"Discere, Efficere, Praestare ( Latin )",,,"ACCC , AACTI , CBIE, CUP , Polytechnics Canada",$52.6 million (2023) 2,,,Public Institute of Technology,,"Edmonton , Alberta , Canada 53°34′10.50″N 113°30′11.63″W / 53.5695833°N 113.5032306°W / 53.5695833; -113.5032306",Ooks,"Snowy Owl , Ookpik",,,,,"CCAA , Alberta Colleges Athletics Conference",
Olds College,,1913,Ben Cecil,108 1,436 1,2588 2,,,,,www .oldscollege .ca,,"""Transforming agriculture for a better world""",,,"UACC , ACCC , AACTI",,,,Public college,,"Olds, Alberta , Canada 51°47′24″N 114°05′42″W / 51.790°N 114.095°W / 51.790; -114.095",Broncos,Billy the Bronco,,,,,CCAA,
Prairie College,,1922,Mark Maxwell 2,,,284 (on campus) 3,,"Rural, (130 acres (53 ha))","Light blue, yellow, & orange",,www .prairie .edu,,To know Christ and make Him known,,Christian,"CCCU , ABHE",CDN $2.79 million 1,,,Private,,"Three Hills , Alberta , Canada 51°42′30″N 113°15′59″W / 51.7082°N 113.2663°W / 51.7082; -113.2663",Pilots,,,,,,"ACAC , PAC",
Red Crow Community College,,1986 under the direction of the Blood Tribe Education Committee.,Roy Weasel Fat,,,,,"Urban/suburban Kainai Nation Blood reserve in Stand Off southern Alberta , Canada with a campus in Lethbridge",,,www .redcrowcollege .com,,,,,University of Calgary University of Lethbridge American Indian Higher Education Consortium ACCC AACTI CBIE,,,,Tribal College,,"Stand Off and Lethbridge , Alberta , Canada 49°42′25″N 112°49′26″W / 49.7069°N 112.8238°W / 49.7069; -112.8238 (Lethbridge location)",,,,,,,CCAA,
Red Deer Polytechnic,,1964,Stuart Cullum,,,"7,500",,Urban,"Lime green, black, silver","ACCC , CCAA , AACTI , CBIE, ACAC",rdpolytech .ca,,Latin : Ad Augusta Per Eruditionem,,,,,,,Public polytechnic institute,,"Red Deer , Alberta , Canada",,Rufus the Lion,,,,,,
Reeves College,,,,,,,,,,,,,,,,,,,,,,,,,,,,,,
Robertson College,,1911,,,,5000 (est),"180 Main Street Winnipeg , Manitoba R3C 1A6 , Winnipeg , Canada","Winnipeg , Edmonton and Calgary",,ECG Education Canada Group 1,www .robertsoncollege .com,,,,,,,,,Private college,,,,,,,,,,
Southern Alberta Institute of Technology,,1916,David Ross,"1,269","1,054","14,364",,,"Red & white (athletics) 1 Red, white, blue (institute) 2",,www .sait .ca,,Incipio Et Erudio,,,"AACTI , CBIE, CUP , Polytechnics Canada",,,,Public,,"Calgary, Alberta , Canada",Trojans,,,,,,"CCAA , Alberta Colleges Athletics Conference",
Sundance College,,,,,,,,,,,,,,,,,,,,,,,,,,,,,,
Acsenda School of Management,,2015,Neil Mort,,,,,Urban,,,http://www.acsenda.com/,,International Thinking. Individual Focus.,,,,,,,Private,,"Vancouver , British Columbia , Canada 49°17′07″N 123°07′09″W / 49.285197°N 123.119290°W / 49.285197; -123.119290",,,,,,,,
Alexander College,,2006 ( 2006 ),Barbara Moon (Interim),,,"3,000 1 note 1",,,,,alexandercollege .ca,,,,,,,,,,,"Burnaby , British Columbia , V5H 4T6 , Canada 49°13′38″N 122°59′42″W / 49.2273°N 122.9951°W / 49.2273; -122.9951",,,,,,,,
British Columbia Institute of Technology,,1964,Dr. Jeff Zabudsky,970,"2,727","45,684",,Multiple sites,"Navy Blue, Yellow","CICan , CBIE, Polytechnics Canada",bcit.ca,,Quisque dominus summi,,,,,,,Public institute of technology,,"Burnaby , Delta , North Vancouver , Richmond , and Vancouver",,,,,,,,
Cambria College,,,,,,,,,,,,,,,,,,,,,,,,,,,,,,
Camosun College,,1971,Lane Trotter,413,514,"4,946 FTE 2022-2023 3",,Urban / Rural Lansdowne and Interurban,"Inspiring Lime, Grey","ACCC , CCAA , CBIE, CUP .",camosun .ca,,,,,,"$73,355,071 1",,,Public (Post-Secondary) college,,"Greater Victoria , British Columbia , Canada",Chargers,Rampage,,,,,,
Canadian College,,2008,James Clark,,,,,,,,canadiancollege .com,,,,,,,,,Private,,"Vancouver , British Columbia , Canada",,,,,,,,
Coast Mountain College,,1968,Laurie Waye,,,428 full-time equivalent (FTE) for 2022-2023 3,,"Urban/suburban/rural Terrace , Hazelton , Prince Rupert ; Smithers",Teal & white,,coastmountaincollege .ca,,,,,"UArctic , ACCC , BCC","$24,476,000 2021-22 1",,,Post-secondary College,,,,,,Northwest Community College (1975-2018) BC Vocational School Terrace (1968-1975),,,,
College of New Caledonia,,1969 ; 55 years ago ( 1969 ),Dennis Johnson 2,,345 in 2012 3,"1,300 FTE 2020-2021 4",,"urban / suburban / rural Prince George , Quesnel , Mackenzie , ""Lakes District"" in Burns Lake , and ""Nechako"" in Fort St. James , Fraser Lake and Vanderhoof .",Red and dark grey 5,"ACCC , CCAA , CBIE.",cnc .bc .ca,,Toujours la Verite ( The Truth Always ),,,,"$44,940,000 1",,,Public Community College,,"British Columbia , Canada",,,,,,,,
College of the Rockies,,"May 8, 1975 ; 49 years ago ( May 8, 1975 )",Paul Vogt 2,,,"1,446 (on an FTE basis) 2020-2021",,urban / suburban / rural,blue & Green,"ACCC , CCAA , AASHE",cotr .bc .ca,,,,,,,,,Public community college,,"Creston , Fernie , Golden , Invermere , Kimberley and Cranbrook , British Columbia , Canada",Avalanche,Avalanche,,,,,,
Columbia College,,1936,,,,2100,,Urban,blue orange white,,www .columbiacollege .ca,,Spring Into Your Future,,,ACCC,,,,Private university transfer college,,"Vancouver , British Columbia , Canada 49°16′18″N 123°5′43″W / 49.27167°N 123.09528°W / 49.27167; -123.09528",,Trevor the Bear,,,,,CCAA,
Cornerstone International Community College of Canada,,,,,,,,,,,,,,,,,,,,,,,,,,,,,,
Create Career College,,,,,,,,,,,,,,,,,,,,,,,,,,,,,,
Douglas College,,1970 ; 54 years ago ( 1970 ),Kathy Denton 3,960,,"7,842 FTE 2022–23 5",,Urban (New Westminster) Suburban (Coquitlam),"Black, green, silver",,www .douglascollege .ca,,,,,"ACCC , CBIE, CUP","$72,075,744 1",,,Public college,,"New Westminster and Coquitlam , British Columbia , Canada",Royals,Roary,,,,,"PACWEST , CCAA , NWAACC",
Educacentre College,,1976,Thomas Godin,,,,,,Blue & white,,educacentre .com,,Le collège francophone en Colombie-Britannique,,,,,,,Private,,"Vancouver , Victoria , and Prince George, British Columbia , Canada 49°26′42″N 123°12′39″W / 49.44500°N 123.21083°W / 49.44500; -123.21083",,,,,,,,Yvon Laberge
Eton College,,,,,,,,,,,,,,,,,,,,,,,,,,,,,,
First College,,1950s,,,,,,,,,firstcollege .princeton .edu,,,,,,,,,,,,,,,,,,,
Langara College,,"April 1, 1994",Paula Burns,,,"5,951 FTE 2022-23 3",,Urban,"Orange, black, white",,langara .ca,,Latin : Eruditio Libertas Est,,,"ACCC , CBIE, CUP","C$ 57,369,200 1",,,Public,,"Vancouver, British Columbia , Canada 49°13′30″N 123°6′30″W / 49.22500°N 123.10833°W / 49.22500; -123.10833",Langara Falcons,Falcon,,,,,"PACWEST , CCAA",
North Island College,,1975 1,Lisa Domae,,400 + employees,"1,451 FTE students, 2020/2021 2",,"Comox Valley, Campbell River, Port Alberni, Port Hardy",Blue and Gold,"CICan , BC Colleges",www .nic .bc .ca,,,,,,,,,Public Community College,,"Courtenay , Campbell River , Port Alberni and Port Hardy , British Columbia , Canada",,,,,,,,
Northern Lights College,,1975,Todd Bondaroff,,,592 FTE for 2022–2023 4,,"urban , suburban , remote",Blue & green ;,"ACCC , BCC .",www .nlc .bc .ca,,,,,,"$22,960,967 2",,,Post-secondary community college,,"Dawson Creek , Fort. St, John , Fort Nelson , Chetwynd in British Columbia",,,,1966-1975 BC Vocational School Dawson Creek 1,,,,
Okanagan College,,1963 as B.C. Vocational School; renamed Okanagan College (1965–1995); renamed Okanagan University College (1995–2005); renamed Okanagan College (2005–present),Neil Fassina,,,"4,893 FTE 2022-2023 3",,,White ; black ; red,"CiCAN , CCAA , CCBC , CBIE",okanagan.bc.ca,,,,,,"$68,294,167 1",,,"public, post-secondary institution",,"Kelowna , Vernon , Penticton , and Salmon Arm in British Columbia",Coyotes,,,,,,,
Selkirk College,,1966,Maggie Matear,,,"1,239 FTE 2022-2023 4",,,Gold & maroon,,www .selkirk .ca,,"""Best of all, inquire""",,,,"$34,891,007 1",,,Public community college,,"West Kootenay and Boundary regions in British Columbia : Castlegar , Nelson (4 campuses), Trail , Nakusp , Grand Forks , and Kaslo",,,,,,,,
Sprott Shaw College,,1903,Victor Tesan,,,"3,500 ( annually )",,,,,sprottshaw .com,,Learning with Purpose Since 1903,,,,,,,"Private career college , community college",,"British Columbia , Canada",Sprott Shaw,,,,,,,
Vancouver Community College,,1965 ; 59 years ago ( 1965 ),Ajay Patel,,"1,100","3,620 FTE 2022-2023 3",,Urban,Dark green and light green,ACCC,www .vcc .ca,,Latin : Carpe Diem,,,,"$55,928,520 1",,,Public,,Vancouver (2 campuses) in British Columbia,VCC,,,,,,,
Vancouver Institute of Media Arts,,1995 ( 1995 ),Colin Phillips,,,,,"700 - 333 Terminal Avenue, Vancouver, BC Canada, V6A 4C1",,"PTIB, EQA, StudentAid BC, EduCanada, NACC",vanarts.com,,,,,,,,,Private,,"Vancouver , British Columbia , Canada",VanArts,,,,,,,
Assiniboine Community College,,February 1961 ; 63 years ago ( 1961-02 ),Mark Frison,,500 (full and part-time),"3,200 (full-time)",,Brandon Winnipeg Dauphin,Purple & red,"CICan , CCAA , CBIE, Campus Manitoba",public .assiniboine .net,,,,,,,,,Public,,"1430 Victoria Avenue East Brandon , Manitoba , Canada 49°50′26″N 99°55′07″W / 49.84056°N 99.91861°W / 49.84056; -99.91861",,Caccey the Cougar,,Assiniboine Community College,,,,
Booth University College,,1982 ( 1982 ),Donald Burke,16,,282 (2019),,Urban,Blue yellow red,,boothuc .ca,,Education for a better world,,Salvation Army,,,,,Private university college,,"Winnipeg , Manitoba , Canada",,,,Catherine Booth Bible College,,,,
Manitoba Institute of Trades and Technology,,,,,,,,,,,,,,,,,,,,,,,,,,,,,,
Menno Simons College,,1982,Cheryl Pauls,13,6,"1,300",,Urban,,,www .mscollege .ca,,,,"Mennonite Brethren Church , Mennonite Church Canada","Canadian Mennonite University , University of Winnipeg",,,,Private,,"Winnipeg , Manitoba , Canada 49°53′22″N 97°09′13″W / 49.88944°N 97.15361°W / 49.88944; -97.15361",,,,,,,,
Providence University College and Theological Seminary,,1925,Kenton C. Anderson 1,,,,,100 acres (40 ha),,"Association of Theological Schools in the United States and Canada , CCCU",prov.ca,,Knowledge and Character for Leadership and Service,,Evangelical Christian,,,,,Private school,,"Otterburne , Manitoba , Canada 49°30′06″N 97°02′41″W / 49.50167°N 97.04472°W / 49.50167; -97.04472",,,,,,,,
Red River College,Industrial Vocational Education Centre Red River College,1938 ( 1938 ),Fred Meier,,,"21,000",,Urban,Red and black,,rrc .ca,,,,,,,,,Public,,"Winnipeg , Manitoba , Canada 49°55′06″N 97°12′39″W / 49.91833°N 97.21083°W / 49.91833; -97.21083",RRC Rebels,,,,,,CICan CCAA Campus Manitoba CBIE CUP,
Robertson College,,1911,,,,5000 (est),"180 Main Street Winnipeg , Manitoba R3C 1A6 , Winnipeg , Canada","Winnipeg , Edmonton and Calgary",,ECG Education Canada Group 1,www .robertsoncollege .com,,,,,,,,,Private college,,,,,,,,,,
St. Andrew's College,,,,5,,,,,,,umanitoba .ca /st-andrews-college /,,,,Ukrainian Orthodox Church of Canada,,,,,Theological school,,"Winnipeg , Manitoba , Canada",,,,,,,,
St. John's College,,1 November 1866,,40,20,,"92 Dysart Rd , Winnipeg , MB , R3T 2M5 , Canada",Urban,Black & gold,,www .umanitoba .ca /colleges /st _johns /anglican /index .html,,"""In Thy light we shall see light"" ( Psalm 36 , verse 9).",,Anglican Church of Canada,"AUCC , IAU , AUFC , ACU",,,,Public,,,,,,,,,,
St. Paul's College,,1926 ; 98 years ago ( 1926 ),,,,Approx. 1300,"70 Dysart Road , Winnipeg , Manitoba , R3T 2M6 , Canada 49°48′37.5″N 49.810417°N 97.13806°W49.810417; -97.13806",,,,umanitoba.ca/stpauls,,,,Roman Catholic,,,,,,,,,Pauley the Belltower,,,,,,
Steinbach Bible College,Steinbach Bible Academy Steinbach Bible Institute,1936,Dave Reimer,,,118 (2021) 1,,Urban,,,sbcollege .ca,,Your Mission Starts Here!,,Anabaptist,,,,,Private Bible college,,"Steinbach , Manitoba , Canada 49°32′8.46″N 96°41′23.43″W / 49.5356833°N 96.6898417°W / 49.5356833; -96.6898417",,,,,,Association for Biblical Higher Education,,
2,,,,,,,,,,,,,,,,,,,,,,,,,,,,,,
École technique et professionnelle,,,,,,,,,,,,,,,,,,,,,,,,,,,,,,
Université de Saint-Boniface,,1818 ; 206 years ago ( 1818 ),Sophie Bouffard (since 2019),,,1333,,Francophone neighbourhood of St. Boniface,,,ustboniface .ca,,,,,,,,,Private public-interest corporation,Lise Pinkos (since 2022),"Winnipeg , Manitoba , Canada 49°53′19″N 97°07′11″W / 49.888631°N 97.119725°W / 49.888631; -97.119725",,,,,,University of Manitoba,,
3,,,,,,,,,,,,,,,,,,,,,,,,,,,,,,
University College of the North,Keewatin Community College (1966-2004),"July 1, 2004 as University College of the North 1966 (as Keewatin Community College)",Doug Lauvstad,,Approx. 400,"Approx. 2,400","436 7th St E Box 3000 , The Pas , Manitoba , Canada  53.81972°N 101.23778°W53.81972; -101.23778",,,"AUCC , Canadian Colleges Athletic Association , Association of Canadian Community Colleges , IAU , CIS , UArctic , ACU , Campus Manitoba",www .ucn .ca,,,,,,,,,University college,,,,,,,,,,
Yellowquill University College,,1984,,,,200 (2012),,"Urban 480 Madison St, Winnipeg",yellow & blue,"Dakota Ojibway Tribal Council, CICan , CCAA , AUCC , MFNERC",www .yellowquill .org,,Specializing in First Nation & Aboriginal Education and Training,,,,,,,First Nation owned comprehensive community college,,"Winnipeg , Manitoba , Canada",,,,,,,,Bobbi Pompana
Collège communautaire du Nouveau-Brunswick,,1970,,,,,,,,,http://ccnb.ca,,vision • passion • succès,,,,,,,Public community college,,"Bathurst , Campbellton , Dieppe , Edmundston and Acadian Peninsula , New Brunswick , Canada",,,,,,,,
Maritime College of Forest Technology,,1946,,,,,,Urban,Green & white,"AUCC , IAU , CIS , AUS , AUFSC",www .mcft .ca,,,,,,,,,post-secondary college,,"Fredericton and Bathurst , New Brunswick , Canada 45°55′59″N 66°39′24″W / 45.9331°N 66.6566°W / 45.9331; -66.6566 (Fredericton location)",,,,,,,,
McKenzie College,,1988 ( 1988 ),,,,,,Urban,,,www .mckenzie .edu,,,,,,,,,Private,,"Moncton , New Brunswick , Canada",,,,,,,,
New Brunswick College of Craft and Design,,1950 ( 1950 ),,70,,282 citation needed,,Urban,,,www .nbccd .ca,,,,,,,,,Public,,"Fredericton , New Brunswick , Canada",,,,,,,,
New Brunswick Community College,,1974,,750 full-time & 80 part-time (including staff) citation needed,,"4,000+ regular, 10,000+ continuing studies citation needed",,Urban,,,www .nbcc .ca,,,,,"CCAA , ACCC , AUCC , CBIE",,,,Public community college,,"Miramichi , Moncton , Fredericton (its head office 1 ), Saint John , St. Andrews and Woodstock , New Brunswick , Canada 45°57′41.48″N 66°39′13.69″W / 45.9615222°N 66.6538028°W / 45.9615222; -66.6538028",,,,,,,,
Oulton College,,1956 ( 1956 ),Darcie Robichaud,,,700+ 1,"4 Flanders Court , Moncton , New Brunswick , Canada",Urban,,National Association of Career Colleges,www .oultoncollege .com,,"""Your Future Starts Here""",,,,,,,Private,,,,,,,,,,
College of the North Atlantic,,1997,Elizabeth (Liz) Kidd,,,"7,000 full time; 1,100 part-time (rounded)",,17 urban/suburban,Cyan & Orange & Magenta & Green & Yellow & Red,"CiCan , AUCC , CBIE",www .cna .nl .ca,,,,,,,,,Public college,,"Headquarters: Stephenville , Newfoundland and Labrador , Canada",,,,,,,,
Aurora College,,1981 (as Thebacha College) 1984 (as Arctic College) 1995 (as Aurora College),Thomas Weegar 1,50,200,"2,915 2","Aurora Campus #87 Gwich'in Road, Box 1008 Inuvik, NT X0E 0T0; Thebacha Campus 50 Conibear Crescent, Box 600 Fort Smith, NT X0E 0P0; Yellowknife Campus, 5004-54th Street, Northern United Place, Bag Service 9700 Yellowknife, NT X1A 2R3 , Fort Smith , Northwest Territories , Canada 68°21′33.00″N 133°43′05.55″W68.3591667°N 133.7182083°W68.3591667; -133.7182083","small, remote communities",blue & White,Universities Canada Canadian Collegiate Athletic Association Association of Canadian Community Colleges International Association of Universities Canadian Interuniversity Sport University of the Arctic Association of Commonwealth Universities,www.auroracollege.nt.ca,,,,,,,,,Community College,,,,,,,,,,
Collège nordique francophone,,,,,,,,,,,,,,,,,,,,,,,,,,,,,,
Canadian Coast Guard College,,1965,,,,,,Urban,,,http://www.ccg-gcc.gc.ca/College,,"Nil sin cura (""Attention to detail"")",,,,,,,,,"Westmount , Nova Scotia , Canada",,,,,,,,
Gaelic College,,1938,Rodney MacDonald,,,,,Cabot Trail,Red & black,,www.gaeliccollege.edu,,,,,,,,,Educational institution,,"St. Ann's , Nova Scotia , Canada 46°12′49″N 60°36′20″W / 46.21361°N 60.60556°W / 46.21361; -60.60556",,,,,,Non-denominational,,
Nova Scotia Community College,,1996,Don Bureaux 1,"1,400 citation needed",,"10,843 fulltime, 20,000 total 2",,"Halifax, Dartmouth, Amherst, Springhill, Kentville, Bridgewater, Sydney, Stellarton, Shelburne, Port Hawkesbury, Truro, Middleton, Lawrencetown, Yarmouth, Digby, Wagmatcook",Blue,,www .nscc .ca,,,,,"Colleges and Institutes Canada , Centre for Ocean Ventures & Entrepreneurship (COVE) , ONE Nova Scotia Coalition , Research Nova Scotia , CBIE, CCAA , ACCC , AUCC",,,,Public Community College,,"13 campuses and three community learning centres throughout Nova Scotia , Canada 44°40′09″N 63°36′48″W / 44.6692°N 63.6134°W / 44.6692; -63.6134",,,,,,,,
Nunavut Arctic College,,"January 1, 1995 ; 29 years ago ( 1995-01-01 )",Rebecca Mearns (acting) 1 2,,,,,"Urban/Suburban/Remote. Nunatta Campus, Kitikmeot Campus, Kivalliq Campus and 24 Community Learning Centres.",Blue White,"CCAA , ACCC , AUCC , IAU , CIS , UArctic , ACU",https://www.arcticcollege.com/,,,,,,,,,Community college,,"Iqaluit , Nunavut , Canada 63°43′39.41″N 68°26′40.42″W / 63.7276139°N 68.4445611°W / 63.7276139; -68.4445611",,,,,,,,
Algonquin College,,1967,Claude Brulé,,"1,151 full time","19,000 full-time; 37,000 part-time (2020: 18,412 FTEs) 1","1385 Woodroffe Avenue Ottawa , Ontario K2G 1V8 45°20′48.97″N 75°45′33.79″W45.3469361°N 75.7593861°W45.3469361; -75.7593861",Urban,green and white,"CCAA , ACCC , AUCC , CBIE, Polytechnics Canada",algonquincollege.com,,"Your goals, your career, your college",,,,,,,Public,,,Algonquin Wolves,Thor the Wolf,,,,,,
Cambrian College,,1967 ; 57 years ago ( 1967 ),Kristine Morrissey,,,"3,174 FTEs (2020) 1",,Urban,Burgundy,"CCAA , ACCC , AUCC ,",cambriancollege.ca,,,,,,,,,Public College of Applied Arts and Technology,,"Sudbury , Ontario , Canada",Golden Shield,Burnie the Dragon,,,,,,
Canadore College,,1972,George Burton,,,"3,500 (2020: 2,454 FTEs) 2","100 College Drive, P.O. Box 5001 North Bay, Ontario P1B 8K9 , North Bay and Parry Sound , Ontario , Canada","Canadore College has four campuses: Aviation Technology Campus, Commerce Court Campus, and the Education Centre (College Drive Campus) in North Bay, Ontario, one campus in West Parry Sound, Ontario, and two campuses in the GTA – Canadore at Stanford.",,"CCAA , ACCC , AUCC , CBIE, CUP .",canadorecollege .ca,,Great Things Happen Here,,,,,,,Public College of Applied Arts and Technology,,,,Panther,,,,,,
Centennial College,,1966 ; 58 years ago ( 1966 ),Craig Stephenson,,,"26,000 full-time; 19,000 part-time (2020: 11,124 FTEs) 1",,Urban,Green,,centennialcollege.ca,,Transforming lives and communities through learning,,,,,,,Public college,,"Toronto , Ontario , Canada",Colts,Bolt the Colt,,,,,CCAA,
Collège Boréal,,1995,Daniel Giroux,,,"9 155 in 2012–2013 (2020: 1,224 FTEs) 1","21 Lasalle Boulevard Sudbury , Ontario, Canada P3A 6B1 46°31′2.02″N 80°59′35.88″W46.5172278°N 80.9933000°W46.5172278; -80.9933000",Across Ontario,Black & white,,www.collegeboreal.ca,,Nourrir le savoir; faire vibrer la culture,,,"ACUFC , CICan",,,,College of applied arts and technology,,,Vipères,,,,,,"OCAA , CCAA",
Conestoga College,,1967,John Tibbits,,,"11,000 full-time; 30,000 part-time (2020: 10,536 FTEs) 2",,Urban,Navy and red,"CCAA , ACCC , AUCC , OCAA , CBIE, Polytechnics Canada",Official website,,,,,,,,,Public,,"Kitchener , Ontario , Canada",,Condor,,,,,,
Confederation College,,1967,Kathleen Lynch,,,"3,400 full-time, 4,205 part-time (2020: 2,314 FTEs) 1","P.O. Box 398, 1450 Nakina Drive , Thunder Bay , Ontario , Canada",Urban,Red and Blue,"ACCC , CCAA , CSA , CBIE, CUP , Negahneewin College",www.confederationcollege.ca,,,,,,$4.7 million,,,,,,,,,,,,,
Durham College,,1967,Elaine Popp,,,"More than 12,000",,Urban,Black & green,,www .durhamcollege .ca,,Success matters,,,"CBIE, ACCC , AUCC",,,,Public,,"Oshawa , Ontario , Canada 43°56′38″N 78°53′49″W / 43.94389°N 78.89694°W / 43.94389; -78.89694",Lords,Lord Durham,,,,,CCAA,
Fanshawe College,,1967,Peter Devlin,441 full-time,,"(2020: 13,479 FTE students) 1",,Urban,Red gray,CBIE CCAA ACCC AUCC CUP,fanshawec.ca,,Unlocking Potential,,,,,,,Public,,"London , Ontario , Canada",,Freddie the Falcon,,,,,,
Fleming College,,1967,Maureen Adamson,,,"2020: 4,476 FTEs 2",,Urban,Black Turquoise Orange Red Blue Green,"ACCC , CCAA , Peterborough Centennial Museum & Archives",flemingcollege .ca,,Let the Deed Shaw/Show 1 (former) Apply Yourself Here,,,,,,,Public College of Applied Arts and Technology,,"Peterborough , Ontario , Canada",,,,,,,,
George Brown College,,1967,Dr. Gervan Fearon 2,,,"27,128 full-time and 58,119 continuing education registrants (2020: 15,752 FTEs) 3",,Urban,Blue and white,"CCAA , ACCC , AUCC , CBIE, Polytechnics Canada , CUP .",georgebrown .ca,,,,,,,,,Public,,"Toronto , Ontario , Canada",,,,,,,,
Georgian College,,1967,Kevin Weaver,,,"13,000 full-time; including 4,500 international 1 (2020: 10,169 FTEs) 2","1 Georgian Drive , Barrie , Ontario , Canada",Urban,Blue & green,,georgiancollege .ca,,Accelerate your success citation needed,,,"CCAA , ACCC , CBIE",,,,Public,,,Grizzlies,Grizzly Growler,,,,,,
Humber College,,1967 ; 57 years ago ( 1967 ),Ann Marie Vaughan,"3,400",,"86,000 total learners 1",,Urban,Gold and blue,"CCAA , ACCC , AUCC , CBIE, Polytechnics Canada",www .humber .ca,,We Are Humber,,,,,,,Public,,"Toronto , Ontario , Canada",,Howie the Hawk,,,,,,
La Cité collégiale,,1989,Lise Bourgeois,,,"5,000 (2020: 1,224 FTEs) 1",,Central,Green & black,,www .collegelacite .ca,,,,,"ACCC , AUCC , CBIE",,,,Public college of applied arts and technology,,"Ottawa, Ontario , Canada",The Coyotes,Coyote,,,,,CCAA,
Lambton College,,1969,"Rob Kardas, President & CEO",,,"over 3,500 full-time, over 6,500 part-time, 500 international (on campus), over 3,500 international (off shore), 600 apprenticeship 2 3 (2020: 2,211 FTEs) 4","1457 London Road Sarnia , Ontario N7S 6K4 42°58′49.89″N 82°20′54.91″W42.9805250°N 82.3485861°W42.9805250; -82.3485861",Urban,White and Blue,"CCAA , ACCC , AUCC , CBIE",www .lambtoncollege .ca,,Connect,,,,,,,Public College of Applied Arts and Technology,,,,Pounce,,,,,,
Loyalist College,,1967,Mark Kirkpatrick 1,,,"2,253 FTEs (2020) 2",,"Belleville , Bancroft , Port Hope",Red and blue,"CCAA , ACCC , AUCC , CBIE",www.loyalistcollege.com,,,,,,,,,Public,,"Belleville , Ontario , Canada",,,,,,,,
Mohawk College,,1966 ( 1966 ),Ron McKerlie,,"1,100","30,000 3 (2020: 10,739 FTEs) 4",,Urban,"Burgundy, crimson, and orange",,www .mohawkcollege .ca,,Latin : Scientia Opus Omnium,,,,CA$ 232 million (2021) 1,,,Public,,"Hamilton , Ontario , Canada 43°14′17.6″N 79°53′8.48″W / 43.238222°N 79.8856889°W / 43.238222; -79.8856889",The Mountaineers,Mo the Hawk,,,,,Badminton Basketball Cross Country Curling Fastball Golf Rugby Soccer Volleyball,
Niagara College,,1967 ( 1967 ),Sean Kennedy,,,,,Urban / Rural,Blue & White,"CCAA , ACCC , AUCC , CBIE",niagaracollege.ca,,Applied Dreams,,,,,,,Public,,"Welland Niagara-on-the-Lake Toronto , Ontario , Canada",Knights,"""Knightro"" the Knight",,,,,,
Northern College,,1967,Dr. Audrey Penner 1,79,,"2015 full time, 15,000 part-time and continuing education (2020: 755 FTEs) 2",,"Timmins (Porcupine), Kirkland Lake, Moosonee, and Temiskaming Shores (Haileybury)","brown, green, orange, blue","CCAA , ACCC , AUCC",https://www.northerncollege.ca/,,Proud to be north. Proud to be Northern.,,,,,,,Public College of Applied Arts and Technology,,"Timmins , Ontario , Canada 48°29′17″N 81°11′52″W / 48.48806°N 81.19778°W / 48.48806; -81.19778",,North the Moose,,,,,,
St. Clair College,,1966 ; 58 years ago ( 1966 ),Patricia France,c. 264,,"6,933 FTEs (2020) 2","2000 Talbot Road West  , Windsor Campus , Ontario , Canada",Suburban,"Black, gold, green",,www .stclaircollege .ca,,Start Here. Go Anywhere.,,,,,,,Public college of applied arts and technology,,,Saints,Griffin,,,,"CICan , Colleges Ontario, Canadian Bureau for International Education","CCAA , OCAA",
St. Lawrence College,,1967,Glenn Vollebregt,,829,"4,450 FTEs (2020) 3",,"Kingston , Cornwall , Brockville , Canadian Campus ( Vancouver ), Alpha Campus ( Toronto ) 4 5",Red and Black,"CCAA , ACCC , AUCC , CBIE",stlawrencecollege .ca,,,,,,,,,Public,,"Kingston , Ontario , Canada 44°13′23″N 76°31′37″W / 44.223°N 76.527°W / 44.223; -76.527",Surge,,,,,,,
Sault College,,1965 (originally opened as Ontario Vocational School),David Orazietti,,,"4,500 (2020: 1,395 FTEs) 1",,Suburban,Blue and White,"CCAA , ACCC , AUCC",www.saultcollege.ca,,The education you want and more...,,,,,,,Public College of Applied Arts and Technology,,"Sault Ste. Marie & Brampton , Ontario , Canada",,Cougar,,,,,,
Seneca College,,1966,David Agnew,,,"30,000 full-time and 60,000 part-time annually 1 20,012 FTEs (2020) 2",,Urban,Red,"Colleges Ontario, Canadian Collegiate Athletic Association , Colleges and Institutes Canada , Canadian Bureau for International Education, Polytechnics Canada , Ontario Colleges Athletic Association",www .senecapolytechnic .ca,,,,,,,,,Public,,"Toronto , Ontario , Canada 43°47′44″N 79°20′56″W / 43.79556°N 79.34889°W / 43.79556; -79.34889",The Sting,Sammy Sting,,,,,,
Sheridan College,,1967 ; 57 years ago ( 1967 ),Janet Morrison,,,"15,290 FTEs (2020) 1",,Suburban,,"ACCC , CCAA , CICan , NASAD , CBIE, Polytechnics Canada , CILECT , AACSB",sheridancollege .ca,,"""Get Creative""",,,,,,,Public,,"Brampton Oakville Mississauga , Ontario , Canada 43°28′15.31″N 79°41′45.92″W / 43.4709194°N 79.6960889°W / 43.4709194; -79.6960889",,Bruno the Bruin 2,,,,,,
Collège de l'Île,,1993 ( 1993 ),Sylvain Gagné,,,85,,,,,www .collegedelile .ca,,Ton accès au succès. Pour un horizon à ta façon.,,,,,,,Public community college,Sue LeMaistre,"Prince Edward Island , Canada",,,,Collège Acadie Île-du-Prince-Édouard,,,,
Holland College,,"September 2, 1969 ; 54 years ago ( 1969-09-02 )",Dr. Alexander MacDonald,,634 citation needed,"2,626 FTE (2021) 1",,List Charlottetown Prince of Wales Campus Tourism and Culinary Centre Belmont Centre Summerside Summerside Waterfront Campus Atlantic Police Academy Marine Training Centre Alberton West Prince Campus Three Rivers Georgetown Centre Montague Centre,Purple & Red,,www .hollandcollege .com,,""" You'll Make It Here! """,,,,,,,Public community college,,"Charlottetown , Prince Edward Island , Canada",Holland Hurricanes,,,,,,CCAA – ACAA,
Cégep André-Laurendeau,,1973,,,,5300,"1111, rue Lapierre Montreal, Quebec H8N 2J4  45.43639°N 73.60556°W45.43639; -73.60556",Suburban,Orange and blue,,www .claurendeau .qc .ca,,,,,"ACCC , CCAA , QSSF , AUCC",,,,Public,,,AL* Boomerang,Ideal,,,,,,Claude Roy
LaSalle,,,,,,,,,,,,,,,,,,,,,,,,,,,,,,
Cégep Beauce-Appalaches,,1968,,,,,"1055, 116e rue Saint-Georges , Quebec G5Y 3G1",Urban,,,www .cegepba .qc .ca,,Enseignment superieur. Passions...Action! (French),,,"ACCC , CCAA , QSSF , AUCC ,",,,,CEGEP,,,,,,,,,,
Saint-Georges,,,,,,,,,,,,,,,,,,,,,,,,,,,,,,
Cégep de Baie-Comeau,,1967,,,,,,Urban,Blue and green,,www .cegep-baie-comeau .qc .ca,,Mon milieu de vie! (French),,,ACCC,,,,Public CEGEP,,"Baie-Comeau , Quebec , Canada 49°11′15″N 68°15′33″W / 49.18750°N 68.25917°W / 49.18750; -68.25917",,,,,,,"CCAA , QSSF , AUCC",
Baie-Comeau,,,,,,,,,,,,,,,,,,,,,,,,,,,,,,
Cégep de Chicoutimi,,1967 ( 1967 ),,,,"3,000",,,,,www .cegep-chicoutimi .qc .ca,,,,,,,,,Public,,"Saguenay , Quebec , Canada 48°25′27″N 71°03′07″W / 48.424249°N 71.051954°W / 48.424249; -71.051954",,,,,,,,
Chicoutimi,,,,,,,,,,,,,,,,,,,,,,,,,,,,,,
Saguenay,,,,,,,,,,,,,,,,,,,,,,,,,,,,,,
Cégep de Drummondville,,"April 15, 1968",,,,,,Urban/suburban,Red and black,,www .cegepdrummond .ca,,,,,ACCC,,,,Public CEGEP,,"960, rue Saint-Georges Drummondville , Quebec , Canada J2C 6A2 45°52′28.39″N 72°30′24.29″W / 45.8745528°N 72.5067472°W / 45.8745528; -72.5067472",Voltigeurs,,,,,non-denominational,"CCAA , QSSF , AUCC",
Drummondville,,,,,,,,,,,,,,,,,,,,,,,,,,,,,,
Cégep de Granby-Haute-Yamaska,,1968,,,,2800,,Urban,blue,,www .cegepgranby .ca,,,,,ACCC,,,,Public CEGEP,,"Granby , Quebec , Canada",,,,,,,"CCAA , QSSF",
Granby,,,,,,,,,,,,,,,,,,,,,,,,,,,,,,
Cégep de Jonquière,,1967,,330,,3200,"2505, rue Saint-Hubert Saguenay, Quebec G7X 7W2  48.4060°N 71.2478°W48.4060; -71.2478",Urban,,,www .cegepjonquiere .ca,,,,,,,,,public,,,,,,,,,,
Jonquière,,,,,,,,,,,,,,,,,,,,,,,,,,,,,,
Cégep de la Gaspésie et des Îles,,1967,,,,3000,,"Waterfront - Gulf of St. Lawrence, faces Forillon National Park","Blue, white, black",,cegepgim .ca,,Un lieu de formation grandeur nature (French),,,ACCC,,,,Public CEGEP,,"Gaspé , Quebec , Canada",,,,,,,"CCAA ,",Yves Galipeau
Gaspé,,,,,,,,,,,,,,,,,,,,,,,,,,,,,,
Cégep de La Pocatière,,1967,,,,"2,000 students 1,000 full-time & 1,000 continuing studies","140, 4e avenue , La Pocatière , Quebec , Canada","Urban, one hour east of Quebec city",,,www .cegeplapocatiere .qc .ca,,Viens changer d'air,,,"ACCC , CCAA ,",,,,Public CEGEP,,,,,,,,,,
La Pocatière,,,,,,,,,,,,,,,,,,,,,,,,,,,,,,
Cégep de l'Abitibi-Témiscamingue,,1967,,,,2755: 225 (Amos campus) 1 2000 (Rouyn-Noranda campus) 2 530 (Val-d'Or campus) 3,,"3 Urban/Suburban, campuses in Rouyn-Noranda, Amos and Val-d'Or, Ville-Marie and La Sarre",White & blue,,www .cegepat .qc .ca,,Artisan d'avenir,,,ACCC,,,,Public CEGEP,,"425, boulevard du Collège C.P. 1500 Rouyn-Noranda , Quebec , Canada",Gaillards & Astrelles,,,,,,"CCAA , QSSF",
Rouyn-Noranda,,,,,,,,,,,,,,,,,,,,,,,,,,,,,,
Cégep de Lévis-Lauzon,,1967,,,,,,Urban,,,cegeplevis.ca/,,La passion du savoir (French),,,"ACCC , CCAA , QSSF , AUCC ,",,,,public CEGEP,,"Lévis , Quebec , Canada",,,,,,,,
Lévis,,,,,,,,,,,,,,,,,,,,,,,,,,,,,,
Cégep de l'Outaouais,,1967,,,609 (including 345 teachers) 1,"about 5,000 students","333, boulevard de la Cité-des-Jeunes Gatineau , Quebec J8Y 6M4 45°27′27.64″N 75°45′59.88″W45.4576778°N 75.7666333°W45.4576778; -75.7666333","Gabrielle-Roy (Hull sector + headquarters), Felix-Leclerc (Gatineau sector) & Louis-Reboul (Hull sector)",Blue & black,,cegepoutaouais .qc .ca,,Ton premier rôle,,,"ACCC , AUCC",,,,Public CEGEP,,,The Griffons,,,,,,"CCAA , QSSF",
Cégep de Matane,,,,,,,"616 Avenue Saint Redempteur , Matane , Quebec , Canada",Urban waterfront,Blue,,www .cegep-matane .qc .ca,,Partagez nos passions!,,,ACCC,,,,Public CEGEP,,,,,,,,non-denominational,CCAA,
Matane,,,,,,,,,,,,,,,,,,,,,,,,,,,,,,
Cégep de Rimouski,,1968,,,,,,Urban,White & gold,,www .cegep-rimouski .qc .ca,,Savoir Aimer Vivre Accueil (French),,,"ACCC , AUCC",,,,Public CEGEP,,"Rimouski , Quebec , Canada",,,,,,non-denominational,"CCAA , QSSF",
Rimouski,,,,,,,,,,,,,,,,,,,,,,,,,,,,,,
Cégep de Rivière-du-Loup,,1969,,,,,,,,,www .cegep-rdl .qc .ca,,,,,,,,,,,"Quebec , Canada",,,,,,,,
Rivière-du-Loup,,,,,,,,,,,,,,,,,,,,,,,,,,,,,,
Cégep de Saint-Félicien,,1971,,210,,1200,,,,,http://www.cegepstfe.ca,,,,,,,,,public CEGEP,,"Saint-Félicien , Quebec , Canada",,,,,,,,
Saint-Félicien,,,,,,,,,,,,,,,,,,,,,,,,,,,,,,
Cégep de Saint-Hyacinthe,,June 1968,,,,,,,,,http://www.cegepsth.qc.ca,,,,,,,,,College of General and Vocational Education,,"Saint-Hyacinthe , Quebec , Canada",,,,,,,,Roger Sylvestre
Saint-Hyacinthe,,,,,,,,,,,,,,,,,,,,,,,,,,,,,,
Cégep de Saint-Jean-sur-Richelieu,,1968,,,,,,"Urban Haut-Richelieu, 30 km (19 mi) from Montreal, Quebec",Blue & gold,,www .cstjean .qc .ca,,,,,"ACCC , CCAA , QSSF , AUCC , Collège militaire royal de Saint-Jean , CBIE",,,,CEGEP,,"Saint-Jean-sur-Richelieu , Quebec , Canada 45°17′52.03″N 73°16′0.33″W / 45.2977861°N 73.2667583°W / 45.2977861; -73.2667583",,,,,,non-denominational,,
Saint-Jean-sur-Richelieu,,,,,,,,,,,,,,,,,,,,,,,,,,,,,,
Cégep de Saint-Jérôme,,,,,,,,Urban,,,www .cstj .qc .ca,,De cœur et de savoir (French),,,"ACCC , CCAA , QSSF , AUCC ,",,,,Public CEGEP,,"Saint-Jérôme , Quebec , Canada 45°46′42.60″N 74°0′4.23″W / 45.7785000°N 74.0011750°W / 45.7785000; -74.0011750",,,,,,,,
Saint-Jérôme,,,,,,,,,,,,,,,,,,,,,,,,,,,,,,
Cégep de Saint-Laurent,,1968 ; 56 years ago ( 1968 ),,,,5000 1,"625, avenue Sainte-Croix Montreal , Quebec H4L 3X7  45.51222°N 73.67222°W45.51222; -73.67222",Urban,Blue and Red,,www .cegepsl .qc .ca,,Une institution qui a une âme,,,,,,,CEGEP,,,Patriotes (Pats),,,,,"ACCC , CCAA , Fédération Québécoise du Sport Étudiant (FQSE)",,
Saint-Laurent,,,,,,,,,,,,,,,,,,,,,,,,,,,,,,
Cégep de Sainte-Foy,,1967 ( 1967 ),,,,,,,,,www .csfoy .ca /accueil /,,,,,,,,,,,Sainte-Foy–Sillery–Cap-Rouge,,,,,,,,
Sainte-Foy,,,,,,,,,,,,,,,,,,,,,,,,,,,,,,
Cégep de Sept-Îles,,,,,,,,,,,,,,,,,,,,,,,,,,,,,,
Sept-Îles,,,,,,,,,,,,,,,,,,,,,,,,,,,,,,
Cégep de Sherbrooke,Collège de Sherbrooke (1968-2005) 1,15 May 1968 ; 56 years ago ( 1968-05-15 ) 2,,596 (Total) 443 (Full-time) 4,100 (Total) 79 (Full-time) 4,5616 4,,"Urban, 10 acres (4.0 ha)","Blue, green",,cegepsherbrooke .qc .ca /officiel,,Imaginons la suite,,,"ACCC , CCAA , QSSF , AUCC ,",CA$5.000 million 3,,,Public,,"Sherbrooke, Quebec , Canada 45°24′36″N 71°53′06″W / 45.41000°N 71.88500°W / 45.41000; -71.88500",,,,,,,,
Sherbrooke,,,,,,,,,,,,,,,,,,,,,,,,,,,,,,
Cégep de Sorel-Tracy,,1967,,,,,,Urban,,,www .cegepst .qc .ca,,Avoir la reussite à coeur!,,,"ACCC , CCAA , QSSF , AUCC ,",,,,Public CEGEP,,"Sorel-Tracy , Quebec , Canada 46°01′N 73°09′W / 46.01°N 73.15°W / 46.01; -73.15",Rebelles,,,,,,,
Sorel-Tracy,,,,,,,,,,,,,,,,,,,,,,,,,,,,,,
Cégep de Thetford,,1969 ( 1969 ),,,,,,,,,www .cegepthetford .ca,,,,,,,,,,,"Thetford Mines , Quebec , Canada 46°05′51″N 71°19′22″W / 46.097549°N 71.322749°W / 46.097549; -71.322749",,,,,,,,
Thetford Mines,,,,,,,,,,,,,,,,,,,,,,,,,,,,,,
Cégep de Trois-Rivières,,,,,,,,,,,,,,,,,,,,,,,,,,,,,,
Trois-Rivières,,,,,,,,,,,,,,,,,,,,,,,,,,,,,,
Cégep de Victoriaville,,1967,,,,,"475, rue Notre-Dame Est Victoriaville , Quebec G6P 4B3 46°3′36.50″N 71°56′41.56″W46.0601389°N 71.9448778°W46.0601389; -71.9448778",Urban,,,www .cegepvicto .ca,,Choisis ta vie (French),,,"ACCC , CCAA , QSSF , AUCC ,",,,,Public CEGEP,,,,,,,,,,
Victoriaville,,,,,,,,,,,,,,,,,,,,,,,,,,,,,,
Cégep du Vieux Montréal,,1968,,,,6100,,Urban,red and orange,"ACCC , CCAA , QSSF",www.cvm.qc.ca/,,,,,,,,,CEGEP,,"Montreal , Quebec , Canada",,,,,,,,
Ville-Marie,,,,,,,,,,,,,,,,,,,,,,,,,,,,,,
Quartier Latin,,,,,,,,,,,,,,,,,,,,,,,,,,,,,,
Cégep Édouard-Montpetit,,1967,,,,16 000 (est.) 4,,Suburban,Red & black,,www .cegepmontpetit .ca,,Jamais trop grand pour te connaître 1,,,"CICan , 2 Fédération des Cégeps 3",,,,Public college,,"Longueuil, Quebec , Canada",Lynx,,,,,,"CCAA , QSSF",
Longueuil,,,,,,,,,,,,,,,,,,,,,,,,,,,,,,
Cégep Limoilou,,1967,,,750,3 500 pre-university; 3 000 technical,,Two Urban / Suburban campuses,black & Red,"ACCC , CCAA , QSSF",www.climoilou.qc.ca/,,"Le Cégep Limoilou, le Cégep en ville",,,,,,,public CEGEP,,"1300, 8e avenue Quebec City , Quebec , Canada G1J 5L5",,,,,,,,
Cégep Marie-Victorin,,,,,,,,,,,www .collegemv .qc .ca,,,,,,,,,Public,,Montréal,,,,,,,,
Rivière-des-Prairies,,,,,,,,,,,,,,,,,,,,,,,,,,,,,,
Cégep régional de Lanaudière,,1967,,,,,,"Joliette , L'Assomption , and Terrebonne .",Blue & Green,,www.cegep-lanaudiere.qc.ca/,,Ensemble osons maintenant! (French),,non-denominational,,,,,public Cégep,,"Lanaudière , Quebec , Canada",,,,,,"ACCC , CCAA ,",,
Champlain Regional College,,"April 7, 1971",,"463 faculty (Fall 2014, all 3 campuses combined) 1 needs update","38 management, 37 professionals, 100 support staff (Fall 2014, at all 3 campuses combined with College Administration) 1 needs update","5,026 Regular Day, 249 Continuing Education (Fall 2014 - at all 3 campuses combined) 1 needs update",,,,"CICan , CCAA , QSSF",www.crc-sher.qc.ca,,,,,,,,,College,,"Sherbrooke , Quebec , Canada",,,,,,,,Dr. Odette Côté
Collège Ahuntsic,,1967,,600,300,"10,000","9155, rue Saint-Hubert Montreal , Quebec H2M 1Y8",Urban,Green and Blue,"ACCC , CCAA , QSSF",www .collegeahuntsic .qc .ca,,,,,,,,,CEGEP,,,,,,,,,,
Ahuntsic,,,,,,,,,,,,,,,,,,,,,,,,,,,,,,
Montreal,,,,,,,,,,,,,,,,,,,,,,,,,,,,,,
Collège Canada,,,,,,,,,,,,,,,,,,,,,,,,,,,,,,
Montreal,,,,,,,,,,,,,,,,,,,,,,,,,,,,,,
Collège d'Alma,,1968,,150,,1200,,Urban,Blue & red,,www .collegealma .ca,,Une vie stimulante (French),,,ACCC,,,,public 1 CEGEP,,"Alma , Quebec , Canada 48°32′42″N 71°39′17″W / 48.54500°N 71.65472°W / 48.54500; -71.65472",Les Jeannois,,,,,,CCAA,
Alma,,,,,,,,,,,,,,,,,,,,,,,,,,,,,,
Collège de Bois-de-Boulogne,,1967,,,450,,"10555, avenue de Bois-de-Boulogne Montreal , Quebec H4N 1L4","Urban / Suburban ,",Blue and Green,"ACCC , CCAA , QSSF , AUCC ,",www.bdeb.qc.ca/,,Vivez l'expérience (French),,,,,,,public college,,,,,,,,,,
Cartierville,,,,,,,,,,,,,,,,,,,,,,,,,,,,,,
Collège de Maisonneuve,,1929,,,,"6,700 students",,Urban,Black and Purple,"ACCC , CCAA , QSSF",www.cmaisonneuve.qc.ca/,,,,,,,,,public,,"Montreal , Quebec , Canada",,,,,,,,
Hochelaga-Maisonneuve,,,,,,,,,,,,,,,,,,,,,,,,,,,,,,
Collège de Rosemont,,1954 ( 1954 ),,,,,,,,,www .crosemont .qc .ca,,,,,,,,,,,Montreal,,,,,,,,
Rosemont,,,,,,,,,,,,,,,,,,,,,,,,,,,,,,
Collège de Valleyfield,,1967,,200,90,2300,"169 Champlain Street , Salaberry-de-Valleyfield , Quebec , Canada  45.2528°N 74.1331°W45.2528; -74.1331",Suburban,Black and gold,,www .colval .qc .ca,,,,,,,,,public CEGEP,,,,,,Séminaire Saint-Thomas-d'Aquin,,,,
Salaberry-de-Valleyfield,,,,,,,,,,,,,,,,,,,,,,,,,,,,,,
Collège François-Xavier-Garneau,,1967,,,500,"About 8,000","1660, boulevard de l'Entente Quebec City , Quebec G1S 4S3",Urban,,,cegepgarneau .ca,,Vivez l'expérience Garneau,,,"ACCC , AUCC",,,,Public,,,,,,,,,"CCAA , QSSF",
Collège Gérald-Godin,,1999,,,,1200,"15615, boulevard Gouin Ouest Sainte-Geneviève, Quebec , Sainte-Geneviève , Quebec , Canada",Suburban,,,cgodin.qc.ca,,,,,,,,,college,,,,,,,,,,
Sainte-Geneviève,,,,,,,,,,,,,,,,,,,,,,,,,,,,,,
Collège Lionel-Groulx,,1967,,,,,,,,,www .clg .qc .ca,,,,,,,,,,,,,,,,,,,
Sainte-Thérèse,,,,,,,,,,,,,,,,,,,,,,,,,,,,,,
Collège Montmorency,,"November 5th, 1969",,,,7390 regular students; full time (August 24th 2015) 1,"475 de l'Avenir boulevard Laval , Quebec H7N 5H9 , Laval , Quebec , Canada",Urban,Blue & white,,www .cmontmorency .qc .ca,,L'être humain d'abord.,,,"ACCC , CCAA , QSSF , CBIE",,,,public college,,,Les Nomades Montmorency,Les Nomades,,,,,,
Laval,,,,,,,,,,,,,,,,,,,,,,,,,,,,,,
Collège Shawinigan,Collège Shawinigan,1968,,,,1200,,,,,cegepshawinigan .ca,,Du savoir et des gens,,,,,,,Public CEGEP,,"Shawinigan , Quebec , Canada 46°34′N 72°45′W / 46.56°N 72.75°W / 46.56; -72.75",,,,,,,,
Shawinigan,,,,,,,,,,,,,,,,,,,,,,,,,,,,,,
Dawson College,,1969,,,,"11,000",,"Urban, 4.85 ha (12 acres)",Blue & white,,www .dawsoncollege .qc .ca,,,,,"ACCC , CUP .",,,,College,,"Westmount , Montreal , Quebec , Canada 45°29′22″N 73°35′18″W / 45.4894°N 73.5883°W / 45.4894; -73.5883",Blues,,,,,,"CCAA , QSSF , CUSID",
Westmount,,,,,,,,,,,,,,,,,,,,,,,,,,,,,,
Heritage College,,1988,,,,,"325, boulevard de la Cité-des-Jeunes Gatineau , Quebec J8Y 6T3 45°27′19.7418″N 75°45′55.1484″W45.455483833°N 75.765319000°W45.455483833; -75.765319000",Urban,Gold & brown,,www .cegep-heritage .qc .ca,,"""Small College, Big Dreams""",,,"CCAA , ACCC , AUCC , CBIE",,,,College,,,Hurricanes,,,,,,,
Gatineau,,,,,,,,,,,,,,,,,,,,,,,,,,,,,,
4,,,,,,,,,,,,,,,,,,,,,,,,,,,,,,
John Abbott College,,1971,,,700+,7000 1,,"Suburban (1,600 acres or 650 hectares)",Gold and Blue,"McGill University , CIC , ACCC , CCAA , QSSF , CBIE",johnabbott .qc .ca,,"Lakeside view, global vision.",,,,,,,public,,"Sainte-Anne-de-Bellevue , Québec , Canada 45°24′20.68″N 73°56′30.56″W / 45.4057444°N 73.9418222°W / 45.4057444; -73.9418222","JAC, Abbott",Islander,,,,,,
Sainte-Anne-de-Bellevue,,,,,,,,,,,,,,,,,,,,,,,,,,,,,,
Vanier College,,1970 ( 1970 ),,,,9200,,Urban,Red and Gold,"ACCC , CCAA , QSSF",www .vaniercollege .qc .ca,,Fiat Voluntas Dei,,,,,,,College,,"Saint-Laurent , Quebec H4L 3X9 45°30′52.27″N 73°40′30.00″W / 45.5145194°N 73.6750000°W / 45.5145194; -73.6750000",,Cheetah,,,,,,
Saint-Laurent,,,,,,,,,,,,,,,,,,,,,,,,,,,,,,
Collège André-Grasset,,1927,Isabelle Foisy,,,,,Urban,Black and Red,"ACCC , CCAA , QSSF",http://www.grasset.qc.ca,,,,,,,,,Private College,,"1001, boulevard Crémazie Est Montreal , Quebec , Canada H2M 1M3 45°33′02″N 73°37′58″W / 45.550617°N 73.632807°W / 45.550617; -73.632807",,,,,,,,Patrick Caron
Institut Grasset,,,,,,,,,,,,,,,,,,,,,,,,,,,,,,
Montreal,,,,,,,,,,,,,,,,,,,,,,,,,,,,,,
Collège Bart,,,,,,,,,,,,,,,,,,,,,,,,,,,,,,
Quebec City,,,,,,,,,,,,,,,,,,,,,,,,,,,,,,
Collège International Marie de France,,1939,,,,,,Urban,,,www .cimf .ca,,"Ensemble, prêts pour le monde (French)",,,"ACCC , CCAA ,",,,,private kindergarten through college,,"4635, chemin Queen Mary Montreal , Quebec , Canada H3W 1W3 45°29′24″N 73°37′28″W / 45.49000°N 73.62444°W / 45.49000; -73.62444",,,,,,non-denominational,,
Collège Jean-de-Brébeuf,,1928 ; 96 years ago ( 1928 ),,,,,,Urban,,"ACCC , CCAA , QSSF , AUCC ,",www .brebeuf .qc .ca,,Latin : Viam Veritatis Elegi (I chose the path of truth),,,,,,,Private secondary school and Collegiate,,,,,,,,,,
Collège Laflèche,,,,,,,,,,,,,,,,,,,,,,,,,,,,,,
Collège Mérici,,1930,,,,"1,100","755 Grande Allée Ouest, Quebec , Quebec City , Quebec , Canada  46.7956°N 71.233°W46.7956; -71.233",1,,,https://www.merici.ca/,,,,,,,,,Private,,,Les Panthères,,,,,,,Mélanie Lanouette
Collège O'Sullivan de Québec,,1916,,,,,,,,,https://osullivan.edu/en/,,,,,,,,,Private College,,"Montreal , Quebec , Canada",,,,,,,,
Collège Stanislas,,1938,,,,,,Urban,,"ACCC , CCAA , AEFE",www .stanislas .qc .ca,,,,,,,,,private Kindergarten through college,,,Chevaliers,,,,,,,
Outremont,,,,,,,,,,,,,,,,,,,,,,,,,,,,,,
Collegial Sainte-Anne,,,,,,,,,,,,,,,,,,,,,,,,,,,,,,
Collège Sainte-Anne de Lachine,,1861 ; 163 years ago ( 1861 ),,,,,,,,,secondaire .sainteanne .ca,,Cognosci ut melius facias 1 (To know so as to better do),,,,,,,,,,,Dragon,,,,,,
École de musique Vincent d'Indy,,1920s,,,,,,Urban,,,Official Site,,,,,,,,,Music College,,"628, chemin de la Côte-Sainte-Catherine Montreal , Quebec , Canada H2V 2C5 45°30′42″N 73°36′47″W / 45.5117°N 73.613°W / 45.5117; -73.613",,,,,,,,
Vincent d'Indy,,,,,,,,,,,,,,,,,,,,,,,,,,,,,,
National Circus School,,1981,,,,,,,,Cité des Arts du Cirque; Cirque du Soleil and En Piste,ecolenationaledecirque .ca /en /,,,,,,,,,"Circus arts training, academic subjects at the secondary and college , intensive summer camps",,"Montreal, Quebec , Canada",,,,,,,,
LaSalle College,,1959,,,,International & Local,"2000 Sainte-Catherine Street West H3H 2T2 , Montreal , Quebec , Canada  45.49139°N 73.58139°W45.49139; -73.58139",Urban,Blue & Orange,,www .collegelasalle .com,,Make the world your classroom,,,"ACCC , CCAA , CBIE",,,,College,,,,,,,,Non-Denominational,,
Marianopolis College,,1908,,,,"2,100","4873 Westmount Avenue , Westmount , Quebec , H3Y 1X9 , Canada  45.48111°N 73.61167°W45.48111; -73.61167",,,"Association des collèges privés du Québec , CUSID , ACCC , CCAA",www .marianopolis .edu,,Latin : Auspice Maria,,,,,,,Private college,,,,Blue Demon,,,,,,Mr. Christian Corno
O'Sullivan College of Montreal,,1916,,,,,,,,,https://osullivan.edu/en/,,,,,,,,,Private College,,"Montreal , Quebec , Canada",,,,,,,,
Séminaire de Sherbrooke,,,,,,,,,,,www .seminaire-sherbrooke .qc .ca,,,,,,,,,,,,,,,,,,,
Sherbrooke,,,,,,,,,,,,,,,,,,,,,,,,,,,,,,
TAV College,,1989 ( 1989 ),,,,,"6333 Décarie Boulevard , Montreal , Quebec , H3W 3E1 , Canada",,,,tav .ca,,,,,,,,,Private CÉGEP 2,,,,,,Torah and Technology School Torah and Vocational Institute,,,,Elazar Meroz 4
Trebas Institute,,1979,Mohamed Slimani,,,,,"Montreal , Toronto",,,Official website,,,,,,,,,"Private, for-profit",,Canada,,,,,,,,
M College of Canada,,,,,,,,,,,,,,,,,,,,,,,,,,,,,,
Bethany College,,,Darryl Balzer (Sept. 2017-present),0,7,9,,13 acres (5.3 ha),Red,,bethany .sk .ca,,Live. Move. Be,,,CHEC,0,,,College,,"703 2nd Street E, Hepburn , Saskatchewan , Canada 52°31′40″N 106°43′43″W / 52.52778°N 106.72861°W / 52.52778; -106.72861",,,,,,,,
Hepburn,,,,,,,,,,,,,,,,,,,,,,,,,,,,,,
Briercrest College and Seminary,,1935,Michael B. Pawelke,,,,,Rural area,,"University of Saskatchewan , Minot State University , AUCC , ATS , ABHE .",www.briercrest.ca,,,,,,,,,,,"Caronport , Saskatchewan , Canada 50°27′21.99″N 105°48′53.17″W / 50.4561083°N 105.8147694°W / 50.4561083; -105.8147694",,,,,,,,
Caronport,,,,,,,,,,,,,,,,,,,,,,,,,,,,,,
Carlton Trail College,,,,,,,,Humboldt Watrous Wynyard,,,www .carltontrailcollege .com,,,,,,,,,Public regional college,,"Saskatchewan , Canada 51°40′31″N 105°27′41″W / 51.6754°N 105.4613°W / 51.6754; -105.4613 (Watrous campus)",,,,,,,,
Humboldt,,,,,,,,,,,Humboldt Collegiate Institute,,,,,,,,,Secondary,,,,,,,,,,
Horizon College and Seminary,,1935,Jeromey Martini,,"Susan Wendel, Dean of Seminary Andrew Gabriel, VP Academics",,"604 Webster Street , Saskatoon , Saskatchewan , Canada",Urban,,,www .horizon .edu,,"""Advancing God’s Kingdom by preparing competent Christian leaders for Spirit-empowered life and ministry""",,,,,,,Private Christian college,,,,,,"Central Pentecostal College, Bethel Bible Institute",,Association for Biblical Higher Education Association of Theological Schools,,
Saskatoon,,,,,,,,,,,,,,,,,,,,,,,,,,,,,,
College Mathieu,,1917,,,,,,,,,www .collegemathieu .sk .ca,,,,,,,,,,,"Gravelbourg , Saskatchewan , Canada 49°52′21″N 106°32′58″W / 49.8725°N 106.5495°W / 49.8725; -106.5495",,,,,,,,
Gravelbourg,,,,,,,,,,,,,,,,,,,,,,,,,,,,,,
Cumberland College,,1974,J. Mark A. Hoddenbagh,,,,,Multiple sites,,"CICan , Saskatchewan Polytechnic , University of Saskatchewan , University of Regina , Lakeland College",http://www.cumberlandcollege.sk.ca/,,"""Educating above and beyond""",,,,,,,Public Regional College,,"Nipawin , Saskatchewan , Canada",,,,,,,,
Eston College,Full Gospel Bible Institute (1944-2005); Full Gospel Bible College (2005-2007),1944,"Sean Steveson-Douglas, President.",,,,"808 Assiniboine Ave E , Regina, Saskatchewan , Canada  51.1480°N 108.7500°W51.1480; -108.7500",,,,www .estoncollege .ca,,To Know the Scriptures and the Power of God to Further the Great Commission,,"ACOP , EFC","ABHE , United Youth Ministries , CCCC , CHEC, CHEA",,,,Bible College,,,Eston Storm,,,,,,PAC .,
Eston,,,,,,,,,,,,,,,,,,,,,,,,,,,,,,
Great Plains College,,"1973 (as Cypress Hills Regional College), 2008 (as Great Plains College after merger with Prairie West College)",David Keast,,,661 FLE,,Swift Current ; Kindersley ; Warman ; Biggar ; Maple Creek ; Rosetown,Blue & yellow,,www .greatplainscollege .ca,,Make it great,,,"ACCC , Saskatchewan Polytechnic , U of S and U of R , PAC","$192,000",,,"Public, post-secondary, regional college",,"Saskatchewan , Canada",SunDogs,,,,,,,
Lakeland College,Vermilion School of Agriculture Vermilion Agricultural and Vocational College Vermilion College,"November 17, 1913 ( 1913-11-17 )",Alice Wainwright-Stewart,,,"c. 7,000 full & part-time 1","2602 59 Avenue , Lloydminster, Alberta , Canada  53.3502°N 110.8648°W53.3502; -110.8648","Urban/suburban/remote, multiple campuses Lloydminster and Vermilion",,,www .lakelandcollege .ca,,Ever to Excel,,,"ACCC , AACTI , CBIE",,,,Public college,,,Rustlers,Rowdy,,,,,"CCAA , CCAA",
Nipawin Bible College,Two Rivers Bible Institute (1934-1957) Nipawin Bible Institute (1957-2007),1934,Jason Elford,5,11,50,,Rural 110 acres (45 ha),Blue & gold,,www .nipawin .org,,,,,,,,,Private,,"Nipawin , Saskatchewan , Canada 53°20′3.97″N 104°1′50.17″W / 53.3344361°N 104.0306028°W / 53.3344361; -104.0306028",Royals,,,,,,,
Nipawin,,,,,,,,,,,,,,,,,,,,,,,,,,,,,,
North West College,,1975,Dr. Eli Ahlquist,75,60,2600,"10702 Diefenbaker Dr., N. Battleford , North Battleford , Saskatchewan , Canada","Meadow Lake , North Battleford","Blue, Green & Yellow",,http://www.northwestcollege.ca/,,Leaders in Building Community,,,,,,,Public post-secondary Regional College,,,,,,,,,,
Northlands College,,1970 (La Ronge Community College),,,150,800,,Rural,Blue & white,,northlandscollege .ca,,Find Your North,,,"ACCC , AUCC , University of Saskatchewan , University of Regina , Saskatchewan Polytechnic , UArctic",,,,Regional College,,"La Ronge ; Creighton ; Buffalo Narrows , Saskatchewan , Canada",,,,,,,,
Parkland College,,1973,,,220,,,"Urban, Rural",Blur & white,,www .parklandcollege .sk .ca,,Your College. Your Future.,,,CICan Saskatchewan Polytechnic University of Saskatchewan University of Regina Lakeland College Conestoga College,,,,Public College,,"Canora ; Esterhazy ; Fort Qu'Appelle ; Kamsack ; Melville ; Yorkton , Saskatchewan , Canada 51°36′31.55″N 102°16′18.11″W / 51.6087639°N 102.2716972°W / 51.6087639; -102.2716972",,,,,,,,
St Peter's College,,1921,Robert Harasymchuk,,,,,Rural,,University of Saskatchewan,www .stpeterscollege .ca,,"Begin, Belong, Become",,,,,,,Public,,"Muenster , Saskatchewan , Canada",,,,,,,,
Saskatchewan Indian Institute of Technologies,,1976 ( 1976 ),Riel Bellegarde,,,"1,345 (2020–2021) 1",,"Urban ( Saskatoon ), rural",Blue,,www .siit .ca,,,,,,,,,Public comprehensive community college,,"Saskatoon , Saskatchewan , Canada",,Eagle,,Saskatchewan Indian Community College,,"ACCC , CCAA , AUCC ,",,
Saskatchewan Polytechnic,,1959 ; 65 years ago ( 1959 ),Larry S. Rosia,,2700,"14,176 full load equivalent (2018) Saskatoon campus: 7,956; Regina campus: 4,444; Moose Jaw campus: 3,192; Prince Albert campus: 2,883 1","1130 Idylwyld Drive North Saskatoon , Saskatchewan S7K 3R5  52.12833°N 106.66028°W52.12833; -106.66028",Saskatoon Moose Jaw Regina Prince Albert,Purple and grey,"CCAA , ACCC , AUCC , CIS , CWUAA , CBIE, CUP .",www .saskpolytech .ca,,Tomorrow in the making,,,,,,,Polytechnic institution,,,,,,,,,,
Moose Jaw,,,,,,,,,,,,,,,,,,,,,,,,,,,,,,
Prince Albert,,,,,,,,,,,,,,,,,,,,,,,,,,,,,,
Regina,,,,,,,,,,,,,,,,,,,,,,,,,,,,,,
Southeast College,,1975,Vicky Roy,,,,"Weyburn, SK S4H 0T1 , Weyburn , Saskatchewan , Canada  49.6709°N 103.8600°W49.6709; -103.8600","Assiniboia , Estevan , Indian Head , Moosomin , Weyburn , Whitewood",,,http://www.southeastcollege.org,,,,,,,,,Public post-secondary Regional College,,,,,,,,,,
Western Academy Broadcasting College,,,,,,,,,,,,,,,,,,,,,,,,,,,,,,
Yukon School of Visual Arts,,2007,,,,,,,,"OCAD , ECIAD , ACAD , NSCAD , MtA",www.yukonsova.ca,,,,,,,,,Public Art and Design School,,"Dawson City , Yukon , Canada",,,,,,,,
Higher education in Canada,,,,,,,,,,,,,,,,,,,,,,,,,,,,,,
List of business schools in Canada,,,,,,,,,,,,,,,,,,,,,,,,,,,,,,
Polytechnics Canada,,,,,,,,,,,polytechnicscanada .ca,,,,,,,,,Non-profit,,,,,,,,,,
Open access in Canada,,,,,,,,,,,,,,,,,,,,,,,,,,,,,,
v,,,,,,,,,,,,,,,,,,,,,,,,,,,,,,
t,,,,,,,,,,,,,,,,,,,,,,,,,,,,,,
e,,,,,,,,,,,,,,,,,,,,,,,,,,,,,,
Alberta,,,,,,,,,,,,,,,,,,,,,,,,,,,,,,
British Columbia,,,,,,,,,,,,,,,,,,,,,,,,,,,,,,
Manitoba,,,,,,,,,,,,,,,,,,,,,,,,,,,,,,
New Brunswick,,,,,,,,,,,,,,,,,,,,,,,,,,,,,,
Newfoundland and Labrador,,,,,,,,,,,,,,,,,,,,,,,,,,,,,,
Nova Scotia,,,,,,,,,,,,,,,,,,,,,,,,,,,,,,
Ontario,,,,,,,,,,,,,,,,,,,,,,,,,,,,,,
Prince Edward Island,,,,,,,,,,,,,,,,,,,,,,,,,,,,,,
Quebec,,,,,,,,,,,,,,,,,,,,,,,,,,,,,,
Saskatchewan,,,,,,,,,,,,,,,,,,,,,,,,,,,,,,
Northwest Territories,,,,,,,,,,,,,,,,,,,,,,,,,,,,,,
Nunavut,,,,,,,,,,,,,,,,,,,,,,,,,,,,,,
Yukon,,,,,,,,,,,,,,,,,,,,,,,,,,,,,,
Category,,,,,,,,,,,,,,,,,,,,,,,,,,,,,,
Canada portal,,,,,,,,,,,,,,,,,,,,,,,,,,,,,,
